date,open,high,low,close,volume
2021-09-15 09:30:00,10.575,11.7,10.4,10.975,-1
2021-09-15 09:31:00,10.975,11.05,10.5,10.75,-1
2021-09-15 09:32:00,10.75,10.825,10.2,10.375,-1
2021-09-15 09:33:00,10.375,10.575,10.275,10.5,-1
2021-09-15 09:34:00,10.5,10.675,10.425,10.45,-1
2021-09-15 09:35:00,10.45,10.525,10.25,10.425,-1
2021-09-15 09:36:00,10.425,10.475,10.2,10.2,-1
2021-09-15 09:37:00,10.2,10.275,10.075,10.125,-1
2021-09-15 09:38:00,10.125,10.175,10.025,10.1,-1
2021-09-15 09:39:00,10.1,10.225,10.05,10.125,-1
2021-09-15 09:40:00,10.125,10.3,10.125,10.15,-1
2021-09-15 09:41:00,10.15,10.15,9.925,10.0,-1
2021-09-15 09:42:00,10.0,10.025,9.8,9.8,-1
2021-09-15 09:43:00,9.8,9.95,9.8,9.85,-1
2021-09-15 09:44:00,9.85,9.925,9.725,9.75,-1
2021-09-15 09:45:00,9.75,10.0,9.75,9.975,-1
2021-09-15 09:46:00,9.975,10.1,9.925,10.05,-1
2021-09-15 09:47:00,10.05,10.05,9.95,10.0,-1
2021-09-15 09:48:00,10.0,10.15,9.95,9.95,-1
2021-09-15 09:49:00,9.95,10.0,9.875,9.925,-1
2021-09-15 09:50:00,9.925,9.95,9.75,9.775,-1
2021-09-15 09:51:00,9.775,9.8,9.65,9.675,-1
2021-09-15 09:52:00,9.675,9.7,9.45,9.45,-1
2021-09-15 09:53:00,9.45,9.5,9.4,9.4,-1
2021-09-15 09:54:00,9.4,9.5,9.3,9.3,-1
2021-09-15 09:55:00,9.3,9.5,9.275,9.3,-1
2021-09-15 09:56:00,9.3,9.45,9.25,9.325,-1
2021-09-15 09:57:00,9.325,9.5,9.325,9.5,-1
2021-09-15 09:58:00,9.5,9.6,9.45,9.6,-1
2021-09-15 09:59:00,9.6,9.65,9.55,9.65,-1
2021-09-15 10:00:00,9.65,9.75,9.5,9.525,-1
2021-09-15 10:01:00,9.525,9.55,9.375,9.4,-1
2021-09-15 10:02:00,9.4,9.6,9.4,9.6,-1
2021-09-15 10:03:00,9.6,9.6,9.5,9.5,-1
2021-09-15 10:04:00,9.5,9.55,9.45,9.45,-1
2021-09-15 10:05:00,9.45,9.45,9.35,9.375,-1
2021-09-15 10:06:00,9.375,9.45,9.3,9.3,-1
2021-09-15 10:07:00,9.3,9.4,9.275,9.4,-1
2021-09-15 10:08:00,9.4,9.45,9.3,9.35,-1
2021-09-15 10:09:00,9.35,9.5,9.35,9.45,-1
2021-09-15 10:10:00,9.45,9.55,9.45,9.5,-1
2021-09-15 10:11:00,9.5,9.5,9.3,9.3,-1
2021-09-15 10:12:00,9.3,9.325,9.05,9.125,-1
2021-09-15 10:13:00,9.125,9.15,9.0,9.15,-1
2021-09-15 10:14:00,9.15,9.175,9.0,9.05,-1
2021-09-15 10:15:00,9.05,9.1,9.0,9.1,-1
2021-09-15 10:16:00,9.1,9.15,9.025,9.1,-1
2021-09-15 10:17:00,9.1,9.1,9.025,9.1,-1
2021-09-15 10:18:00,9.1,9.1,9.0,9.0,-1
2021-09-15 10:19:00,9.0,9.05,8.95,9.05,-1
2021-09-15 10:20:00,9.05,9.175,9.0,9.15,-1
2021-09-15 10:21:00,9.15,9.2,9.05,9.05,-1
2021-09-15 10:22:00,9.05,9.1,9.05,9.075,-1
2021-09-15 10:23:00,9.075,9.1,9.0,9.0,-1
2021-09-15 10:24:00,9.0,9.05,8.95,9.0,-1
2021-09-15 10:25:00,9.0,9.15,9.0,9.1,-1
2021-09-15 10:26:00,9.1,9.2,9.05,9.075,-1
2021-09-15 10:27:00,9.075,9.125,9.05,9.1,-1
2021-09-15 10:28:00,9.1,9.1,9.0,9.0,-1
2021-09-15 10:29:00,9.0,9.0,8.825,8.9,-1
2021-09-15 10:30:00,8.9,9.05,8.85,9.0,-1
2021-09-15 10:31:00,9.0,9.05,8.95,8.95,-1
2021-09-15 10:32:00,8.95,9.0,8.875,8.875,-1
2021-09-15 10:33:00,8.875,8.9,8.725,8.8,-1
2021-09-15 10:34:00,8.8,8.95,8.8,8.95,-1
2021-09-15 10:35:00,8.95,9.1,8.9,9.1,-1
2021-09-15 10:36:00,9.1,9.1,8.975,9.075,-1
2021-09-15 10:37:00,9.075,9.175,9.05,9.15,-1
2021-09-15 10:38:00,9.15,9.25,9.15,9.25,-1
2021-09-15 10:39:00,9.25,9.25,9.125,9.15,-1
2021-09-15 10:40:00,9.15,9.15,9.05,9.1,-1
2021-09-15 10:41:00,9.1,9.225,9.075,9.2,-1
2021-09-15 10:42:00,9.2,9.2,9.0,9.05,-1
2021-09-15 10:43:00,9.05,9.1,8.95,8.975,-1
2021-09-15 10:44:00,8.975,9.075,8.975,9.05,-1
2021-09-15 10:45:00,9.05,9.2,9.05,9.15,-1
2021-09-15 10:46:00,9.15,9.2,9.075,9.2,-1
2021-09-15 10:47:00,9.2,9.25,9.15,9.2,-1
2021-09-15 10:48:00,9.2,9.3,9.2,9.3,-1
2021-09-15 10:49:00,9.3,9.3,9.2,9.225,-1
2021-09-15 10:50:00,9.225,9.3,9.2,9.225,-1
2021-09-15 10:51:00,9.225,9.25,9.15,9.2,-1
2021-09-15 10:52:00,9.2,9.25,9.2,9.2,-1
2021-09-15 10:53:00,9.2,9.3,9.2,9.25,-1
2021-09-15 10:54:00,9.25,9.275,9.15,9.15,-1
2021-09-15 10:55:00,9.15,9.2,9.15,9.2,-1
2021-09-15 10:56:00,9.2,9.3,9.2,9.25,-1
2021-09-15 10:57:00,9.25,9.4,9.225,9.375,-1
2021-09-15 10:58:00,9.375,9.4,9.35,9.35,-1
2021-09-15 10:59:00,9.35,9.4,9.35,9.4,-1
2021-09-15 11:00:00,9.4,9.425,9.325,9.4,-1
2021-09-15 11:01:00,9.4,9.4,9.25,9.325,-1
2021-09-15 11:02:00,9.325,9.4,9.3,9.375,-1
2021-09-15 11:03:00,9.375,9.45,9.375,9.425,-1
2021-09-15 11:04:00,9.425,9.5,9.4,9.475,-1
2021-09-15 11:05:00,9.475,9.5,9.4,9.475,-1
2021-09-15 11:06:00,9.475,9.525,9.45,9.45,-1
2021-09-15 11:07:00,9.45,9.45,9.4,9.45,-1
2021-09-15 11:08:00,9.45,9.525,9.45,9.5,-1
2021-09-15 11:09:00,9.5,9.525,9.4,9.45,-1
2021-09-15 11:10:00,9.45,9.5,9.4,9.4,-1
2021-09-15 11:11:00,9.4,9.425,9.325,9.35,-1
2021-09-15 11:12:00,9.35,9.425,9.35,9.4,-1
2021-09-15 11:13:00,9.4,9.4,9.35,9.35,-1
2021-09-15 11:14:00,9.35,9.4,9.3,9.3,-1
2021-09-15 11:15:00,9.3,9.325,9.225,9.225,-1
2021-09-15 11:16:00,9.225,9.325,9.225,9.25,-1
2021-09-15 11:17:00,9.25,9.25,9.125,9.175,-1
2021-09-15 11:18:00,9.175,9.25,9.15,9.2,-1
2021-09-15 11:19:00,9.2,9.25,9.175,9.225,-1
2021-09-15 11:20:00,9.225,9.3,9.2,9.25,-1
2021-09-15 11:21:00,9.25,9.375,9.225,9.35,-1
2021-09-15 11:22:00,9.35,9.35,9.3,9.3,-1
2021-09-15 11:23:00,9.3,9.325,9.25,9.325,-1
2021-09-15 11:24:00,9.325,9.35,9.3,9.325,-1
2021-09-15 11:25:00,9.325,9.375,9.3,9.375,-1
2021-09-15 11:26:00,9.375,9.45,9.35,9.4,-1
2021-09-15 11:27:00,9.4,9.475,9.4,9.4,-1
2021-09-15 11:28:00,9.4,9.4,9.3,9.3,-1
2021-09-15 11:29:00,9.3,9.3,9.2,9.2,-1
2021-09-15 11:30:00,9.2,9.25,9.05,9.05,-1
2021-09-15 11:31:00,9.05,9.15,9.0,9.05,-1
2021-09-15 11:32:00,9.05,9.15,9.05,9.15,-1
2021-09-15 11:33:00,9.15,9.175,9.125,9.175,-1
2021-09-15 11:34:00,9.175,9.25,9.175,9.25,-1
2021-09-15 11:35:00,9.25,9.25,9.2,9.2,-1
2021-09-15 11:36:00,9.2,9.2,9.15,9.15,-1
2021-09-15 11:37:00,9.15,9.25,9.15,9.225,-1
2021-09-15 11:38:00,9.225,9.25,9.2,9.225,-1
2021-09-15 11:39:00,9.225,9.225,9.15,9.2,-1
2021-09-15 11:40:00,9.2,9.225,9.2,9.225,-1
2021-09-15 11:41:00,9.225,9.225,9.2,9.2,-1
2021-09-15 11:42:00,9.2,9.275,9.2,9.25,-1
2021-09-15 11:43:00,9.25,9.325,9.225,9.25,-1
2021-09-15 11:44:00,9.25,9.3,9.25,9.25,-1
2021-09-15 11:45:00,9.25,9.25,9.125,9.15,-1
2021-09-15 11:46:00,9.15,9.175,9.15,9.15,-1
2021-09-15 11:47:00,9.15,9.175,9.1,9.15,-1
2021-09-15 11:48:00,9.15,9.15,9.1,9.125,-1
2021-09-15 11:49:00,9.125,9.175,9.1,9.15,-1
2021-09-15 11:50:00,9.15,9.2,9.15,9.15,-1
2021-09-15 11:51:00,9.15,9.175,9.05,9.1,-1
2021-09-15 11:52:00,9.1,9.15,9.075,9.15,-1
2021-09-15 11:53:00,9.15,9.15,9.1,9.15,-1
2021-09-15 11:54:00,9.15,9.15,9.125,9.125,-1
2021-09-15 11:55:00,9.125,9.25,9.1,9.225,-1
2021-09-15 11:56:00,9.225,9.3,9.225,9.3,-1
2021-09-15 11:57:00,9.3,9.375,9.3,9.35,-1
2021-09-15 11:58:00,9.35,9.45,9.35,9.45,-1
2021-09-15 11:59:00,9.45,9.45,9.4,9.4,-1
2021-09-15 12:00:00,9.4,9.4,9.35,9.35,-1
2021-09-15 12:01:00,9.35,9.4,9.3,9.3,-1
2021-09-15 12:02:00,9.3,9.45,9.3,9.45,-1
2021-09-15 12:03:00,9.45,9.45,9.4,9.425,-1
2021-09-15 12:04:00,9.425,9.45,9.4,9.45,-1
2021-09-15 12:05:00,9.45,9.45,9.35,9.375,-1
2021-09-15 12:06:00,9.375,9.4,9.35,9.35,-1
2021-09-15 12:07:00,9.35,9.45,9.35,9.45,-1
2021-09-15 12:08:00,9.45,9.45,9.4,9.45,-1
2021-09-15 12:09:00,9.45,9.45,9.4,9.4,-1
2021-09-15 12:10:00,9.4,9.475,9.4,9.45,-1
2021-09-15 12:11:00,9.45,9.45,9.425,9.45,-1
2021-09-15 12:12:00,9.45,9.45,9.375,9.375,-1
2021-09-15 12:13:00,9.375,9.375,9.3,9.3,-1
2021-09-15 12:14:00,9.3,9.35,9.3,9.3,-1
2021-09-15 12:15:00,9.3,9.35,9.3,9.35,-1
2021-09-15 12:16:00,9.35,9.35,9.3,9.325,-1
2021-09-15 12:17:00,9.325,9.35,9.3,9.35,-1
2021-09-15 12:18:00,9.35,9.35,9.3,9.35,-1
2021-09-15 12:19:00,9.35,9.35,9.35,9.35,-1
2021-09-15 12:20:00,9.35,9.35,9.275,9.35,-1
2021-09-15 12:21:00,9.35,9.35,9.3,9.3,-1
2021-09-15 12:22:00,9.3,9.375,9.3,9.35,-1
2021-09-15 12:23:00,9.35,9.375,9.35,9.35,-1
2021-09-15 12:24:00,9.35,9.4,9.35,9.4,-1
2021-09-15 12:25:00,9.4,9.55,9.4,9.55,-1
2021-09-15 12:26:00,9.55,9.6,9.5,9.6,-1
2021-09-15 12:27:00,9.6,9.625,9.55,9.625,-1
2021-09-15 12:28:00,9.625,9.625,9.55,9.6,-1
2021-09-15 12:29:00,9.6,9.65,9.6,9.65,-1
2021-09-15 12:30:00,9.65,9.75,9.65,9.725,-1
2021-09-15 12:31:00,9.725,9.725,9.6,9.6,-1
2021-09-15 12:32:00,9.6,9.7,9.6,9.7,-1
2021-09-15 12:33:00,9.7,9.75,9.7,9.75,-1
2021-09-15 12:34:00,9.75,9.825,9.75,9.825,-1
2021-09-15 12:35:00,9.825,9.825,9.75,9.775,-1
2021-09-15 12:36:00,9.775,9.95,9.775,9.925,-1
2021-09-15 12:37:00,9.925,9.925,9.875,9.875,-1
2021-09-15 12:38:00,9.875,9.975,9.875,9.95,-1
2021-09-15 12:39:00,9.95,10.05,9.95,10.05,-1
2021-09-15 12:40:00,10.05,10.125,10.05,10.1,-1
2021-09-15 12:41:00,10.1,10.15,10.075,10.075,-1
2021-09-15 12:42:00,10.075,10.075,10.0,10.05,-1
2021-09-15 12:43:00,10.05,10.05,9.95,9.975,-1
2021-09-15 12:44:00,9.975,10.0,9.925,9.95,-1
2021-09-15 12:45:00,9.95,10.15,9.9,9.95,-1
2021-09-15 12:46:00,9.95,10.05,9.95,10.05,-1
2021-09-15 12:47:00,10.05,10.05,9.95,10.0,-1
2021-09-15 12:48:00,10.0,10.1,9.975,10.075,-1
2021-09-15 12:49:00,10.075,10.1,10.05,10.1,-1
2021-09-15 12:50:00,10.1,10.125,10.075,10.1,-1
2021-09-15 12:51:00,10.1,10.1,10.05,10.05,-1
2021-09-15 12:52:00,10.05,10.05,10.025,10.05,-1
2021-09-15 12:53:00,10.05,10.05,9.95,9.95,-1
2021-09-15 12:54:00,9.95,10.0,9.95,10.0,-1
2021-09-15 12:55:00,10.0,10.1,10.0,10.075,-1
2021-09-15 12:56:00,10.075,10.125,10.0,10.1,-1
2021-09-15 12:57:00,10.1,10.1,10.025,10.075,-1
2021-09-15 12:58:00,10.075,10.1,10.05,10.05,-1
2021-09-15 12:59:00,10.05,10.1,10.05,10.05,-1
2021-09-15 13:00:00,10.05,10.075,10.05,10.05,-1
2021-09-15 13:01:00,10.05,10.05,9.975,10.0,-1
2021-09-15 13:02:00,10.0,10.025,10.0,10.0,-1
2021-09-15 13:03:00,10.0,10.15,10.0,10.15,-1
2021-09-15 13:04:00,10.15,10.175,10.1,10.175,-1
2021-09-15 13:05:00,10.175,10.2,10.15,10.15,-1
2021-09-15 13:06:00,10.15,10.175,10.125,10.125,-1
2021-09-15 13:07:00,10.125,10.125,10.025,10.05,-1
2021-09-15 13:08:00,10.05,10.075,10.025,10.05,-1
2021-09-15 13:09:00,10.05,10.05,9.95,9.95,-1
2021-09-15 13:10:00,9.95,10.05,9.925,10.0,-1
2021-09-15 13:11:00,10.0,10.0,9.975,10.0,-1
2021-09-15 13:12:00,10.0,10.05,10.0,10.05,-1
2021-09-15 13:13:00,10.05,10.05,9.95,10.0,-1
2021-09-15 13:14:00,10.0,10.0,9.9,9.925,-1
2021-09-15 13:15:00,9.925,10.0,9.925,9.95,-1
2021-09-15 13:16:00,9.95,9.95,9.9,9.925,-1
2021-09-15 13:17:00,9.925,9.95,9.9,9.95,-1
2021-09-15 13:18:00,9.95,10.0,9.95,10.0,-1
2021-09-15 13:19:00,10.0,10.05,10.0,10.05,-1
2021-09-15 13:20:00,10.05,10.1,10.05,10.1,-1
2021-09-15 13:21:00,10.1,10.15,10.05,10.125,-1
2021-09-15 13:22:00,10.125,10.15,10.1,10.1,-1
2021-09-15 13:23:00,10.1,10.15,10.1,10.1,-1
2021-09-15 13:24:00,10.1,10.1,10.05,10.05,-1
2021-09-15 13:25:00,10.05,10.1,10.05,10.1,-1
2021-09-15 13:26:00,10.1,10.1,10.05,10.1,-1
2021-09-15 13:27:00,10.1,10.15,10.1,10.1,-1
2021-09-15 13:28:00,10.1,10.15,10.05,10.15,-1
2021-09-15 13:29:00,10.15,10.25,10.125,10.175,-1
2021-09-15 13:30:00,10.175,10.2,10.15,10.2,-1
2021-09-15 13:31:00,10.2,10.3,10.2,10.3,-1
2021-09-15 13:32:00,10.3,10.3,10.2,10.2,-1
2021-09-15 13:33:00,10.2,10.25,10.2,10.2,-1
2021-09-15 13:34:00,10.2,10.3,10.2,10.275,-1
2021-09-15 13:35:00,10.275,10.275,10.225,10.225,-1
2021-09-15 13:36:00,10.225,10.25,10.15,10.175,-1
2021-09-15 13:37:00,10.175,10.2,10.15,10.15,-1
2021-09-15 13:38:00,10.15,10.175,10.1,10.175,-1
2021-09-15 13:39:00,10.175,10.2,10.15,10.175,-1
2021-09-15 13:40:00,10.175,10.2,10.15,10.15,-1
2021-09-15 13:41:00,10.15,10.225,10.15,10.2,-1
2021-09-15 13:42:00,10.2,10.225,10.2,10.225,-1
2021-09-15 13:43:00,10.225,10.25,10.225,10.25,-1
2021-09-15 13:44:00,10.25,10.25,10.225,10.225,-1
2021-09-15 13:45:00,10.225,10.325,10.225,10.3,-1
2021-09-15 13:46:00,10.3,10.4,10.3,10.375,-1
2021-09-15 13:47:00,10.375,10.4,10.35,10.35,-1
2021-09-15 13:48:00,10.35,10.475,10.35,10.45,-1
2021-09-15 13:49:00,10.45,10.45,10.35,10.35,-1
2021-09-15 13:50:00,10.35,10.35,10.3,10.35,-1
2021-09-15 13:51:00,10.35,10.35,10.3,10.35,-1
2021-09-15 13:52:00,10.35,10.4,10.35,10.4,-1
2021-09-15 13:53:00,10.4,10.4,10.35,10.35,-1
2021-09-15 13:54:00,10.35,10.35,10.3,10.35,-1
2021-09-15 13:55:00,10.35,10.35,10.25,10.3,-1
2021-09-15 13:56:00,10.3,10.3,10.25,10.25,-1
2021-09-15 13:57:00,10.25,10.3,10.25,10.25,-1
2021-09-15 13:58:00,10.25,10.275,10.225,10.225,-1
2021-09-15 13:59:00,10.225,10.225,10.125,10.125,-1
2021-09-15 14:00:00,10.125,10.2,10.1,10.2,-1
2021-09-15 14:01:00,10.2,10.2,10.075,10.1,-1
2021-09-15 14:02:00,10.1,10.175,10.1,10.15,-1
2021-09-15 14:03:00,10.15,10.15,10.1,10.15,-1
2021-09-15 14:04:00,10.15,10.175,10.1,10.15,-1
2021-09-15 14:05:00,10.15,10.2,10.1,10.2,-1
2021-09-15 14:06:00,10.2,10.25,10.2,10.25,-1
2021-09-15 14:07:00,10.25,10.25,10.2,10.25,-1
2021-09-15 14:08:00,10.25,10.25,10.175,10.2,-1
2021-09-15 14:09:00,10.2,10.275,10.2,10.275,-1
2021-09-15 14:10:00,10.275,10.325,10.25,10.3,-1
2021-09-15 14:11:00,10.3,10.325,10.275,10.3,-1
2021-09-15 14:12:00,10.3,10.3,10.225,10.225,-1
2021-09-15 14:13:00,10.225,10.225,10.175,10.2,-1
2021-09-15 14:14:00,10.2,10.225,10.175,10.2,-1
2021-09-15 14:15:00,10.2,10.3,10.2,10.225,-1
2021-09-15 14:16:00,10.225,10.225,10.2,10.2,-1
2021-09-15 14:17:00,10.2,10.25,10.15,10.25,-1
2021-09-15 14:18:00,10.25,10.25,10.15,10.175,-1
2021-09-15 14:19:00,10.175,10.2,10.125,10.15,-1
2021-09-15 14:20:00,10.15,10.175,10.1,10.175,-1
2021-09-15 14:21:00,10.175,10.175,10.15,10.15,-1
2021-09-15 14:22:00,10.15,10.25,10.15,10.225,-1
2021-09-15 14:23:00,10.225,10.25,10.2,10.25,-1
2021-09-15 14:24:00,10.25,10.25,10.2,10.2,-1
2021-09-15 14:25:00,10.2,10.3,10.2,10.25,-1
2021-09-15 14:26:00,10.25,10.35,10.25,10.275,-1
2021-09-15 14:27:00,10.275,10.35,10.25,10.3,-1
2021-09-15 14:28:00,10.3,10.35,10.275,10.3,-1
2021-09-15 14:29:00,10.3,10.3,10.25,10.3,-1
2021-09-15 14:30:00,10.3,10.35,10.25,10.275,-1
2021-09-15 14:31:00,10.275,10.3,10.25,10.25,-1
2021-09-15 14:32:00,10.25,10.3,10.25,10.25,-1
2021-09-15 14:33:00,10.25,10.25,10.25,10.25,-1
2021-09-15 14:34:00,10.25,10.25,10.2,10.25,-1
2021-09-15 14:35:00,10.25,10.3,10.25,10.3,-1
2021-09-15 14:36:00,10.3,10.35,10.3,10.35,-1
2021-09-15 14:37:00,10.35,10.35,10.3,10.35,-1
2021-09-15 14:38:00,10.35,10.35,10.3,10.325,-1
2021-09-15 14:39:00,10.325,10.325,10.275,10.3,-1
2021-09-15 14:40:00,10.3,10.4,10.3,10.35,-1
2021-09-15 14:41:00,10.35,10.35,10.3,10.3,-1
2021-09-15 14:42:00,10.3,10.375,10.3,10.35,-1
2021-09-15 14:43:00,10.35,10.35,10.3,10.3,-1
2021-09-15 14:44:00,10.3,10.3,10.275,10.3,-1
2021-09-15 14:45:00,10.3,10.325,10.25,10.325,-1
2021-09-15 14:46:00,10.325,10.375,10.325,10.35,-1
2021-09-15 14:47:00,10.35,10.4,10.35,10.4,-1
2021-09-15 14:48:00,10.4,10.425,10.35,10.425,-1
2021-09-15 14:49:00,10.425,10.475,10.425,10.45,-1
2021-09-15 14:50:00,10.45,10.5,10.45,10.5,-1
2021-09-15 14:51:00,10.5,10.5,10.45,10.45,-1
2021-09-15 14:52:00,10.45,10.5,10.425,10.45,-1
2021-09-15 14:53:00,10.45,10.475,10.4,10.4,-1
2021-09-15 14:54:00,10.4,10.45,10.4,10.425,-1
2021-09-15 14:55:00,10.425,10.45,10.4,10.4,-1
2021-09-15 14:56:00,10.4,10.45,10.4,10.45,-1
2021-09-15 14:57:00,10.45,10.45,10.4,10.45,-1
2021-09-15 14:58:00,10.45,10.45,10.35,10.4,-1
2021-09-15 14:59:00,10.4,10.4,10.35,10.4,-1
2021-09-15 15:00:00,10.4,10.4,10.3,10.3,-1
2021-09-15 15:01:00,10.3,10.4,10.3,10.375,-1
2021-09-15 15:02:00,10.375,10.475,10.375,10.45,-1
2021-09-15 15:03:00,10.45,10.575,10.45,10.55,-1
2021-09-15 15:04:00,10.55,10.575,10.55,10.55,-1
2021-09-15 15:05:00,10.55,10.55,10.5,10.5,-1
2021-09-15 15:06:00,10.5,10.55,10.5,10.525,-1
2021-09-15 15:07:00,10.525,10.55,10.5,10.525,-1
2021-09-15 15:08:00,10.525,10.575,10.5,10.575,-1
2021-09-15 15:09:00,10.575,10.6,10.55,10.6,-1
2021-09-15 15:10:00,10.6,10.6,10.55,10.6,-1
2021-09-15 15:11:00,10.6,10.625,10.55,10.625,-1
2021-09-15 15:12:00,10.625,10.65,10.6,10.625,-1
2021-09-15 15:13:00,10.625,10.65,10.6,10.625,-1
2021-09-15 15:14:00,10.625,10.7,10.6,10.7,-1
2021-09-15 15:15:00,10.7,10.725,10.675,10.7,-1
2021-09-15 15:16:00,10.7,10.75,10.65,10.75,-1
2021-09-15 15:17:00,10.75,10.825,10.725,10.8,-1
2021-09-15 15:18:00,10.8,10.85,10.8,10.825,-1
2021-09-15 15:19:00,10.825,10.825,10.775,10.825,-1
2021-09-15 15:20:00,10.825,10.825,10.775,10.775,-1
2021-09-15 15:21:00,10.775,10.775,10.75,10.775,-1
2021-09-15 15:22:00,10.775,10.775,10.7,10.7,-1
2021-09-15 15:23:00,10.7,10.75,10.65,10.725,-1
2021-09-15 15:24:00,10.725,10.75,10.7,10.75,-1
2021-09-15 15:25:00,10.75,10.825,10.725,10.8,-1
2021-09-15 15:26:00,10.8,10.8,10.725,10.775,-1
2021-09-15 15:27:00,10.775,10.8,10.75,10.775,-1
2021-09-15 15:28:00,10.775,10.85,10.75,10.85,-1
2021-09-15 15:29:00,10.85,10.925,10.825,10.925,-1
2021-09-15 15:30:00,10.925,10.925,10.875,10.925,-1
2021-09-15 15:31:00,10.925,10.95,10.875,10.925,-1
2021-09-15 15:32:00,10.925,10.925,10.875,10.925,-1
2021-09-15 15:33:00,10.925,11.025,10.9,11.025,-1
2021-09-15 15:34:00,11.025,11.025,10.875,10.9,-1
2021-09-15 15:35:00,10.9,10.95,10.9,10.925,-1
2021-09-15 15:36:00,10.925,11.025,10.925,11.025,-1
2021-09-15 15:37:00,11.025,11.075,10.975,11.075,-1
2021-09-15 15:38:00,11.075,11.175,11.025,11.15,-1
2021-09-15 15:39:00,11.15,11.175,11.125,11.175,-1
2021-09-15 15:40:00,11.175,11.175,11.05,11.05,-1
2021-09-15 15:41:00,11.05,11.075,11.0,11.025,-1
2021-09-15 15:42:00,11.025,11.025,10.975,11.025,-1
2021-09-15 15:43:00,11.025,11.025,10.95,10.95,-1
2021-09-15 15:44:00,10.95,11.025,10.95,11.025,-1
2021-09-15 15:45:00,11.025,11.125,11.025,11.125,-1
2021-09-15 15:46:00,11.125,11.125,11.05,11.075,-1
2021-09-15 15:47:00,11.075,11.075,11.025,11.05,-1
2021-09-15 15:48:00,11.05,11.075,11.025,11.025,-1
2021-09-15 15:49:00,11.025,11.1,10.575,10.575,-1
2021-09-15 15:50:00,10.575,11.225,9.625,11.2,-1
2021-09-15 15:51:00,11.2,11.25,11.125,11.175,-1
2021-09-15 15:52:00,11.175,11.225,11.125,11.15,-1
2021-09-15 15:53:00,11.15,11.4,10.825,11.025,-1
2021-09-15 15:54:00,11.025,11.125,10.875,11.125,-1
2021-09-15 15:55:00,11.125,11.125,10.825,10.875,-1
2021-09-15 15:56:00,10.875,10.9,10.825,10.85,-1
2021-09-15 15:57:00,10.85,10.875,10.8,10.875,-1
2021-09-15 15:58:00,10.875,10.875,10.8,10.8,-1
2021-09-15 15:59:00,10.8,11.0,10.775,10.95,-1
2021-09-16 09:30:00,10.425,12.85,7.925,10.425,-1
2021-09-16 09:31:00,10.425,10.675,10.3,10.325,-1
2021-09-16 09:32:00,10.325,10.575,10.1,10.525,-1
2021-09-16 09:33:00,10.525,10.775,10.475,10.7,-1
2021-09-16 09:34:00,10.7,10.75,10.575,10.675,-1
2021-09-16 09:35:00,10.675,10.825,10.55,10.55,-1
2021-09-16 09:36:00,10.55,10.6,10.175,10.25,-1
2021-09-16 09:37:00,10.25,10.425,10.225,10.225,-1
2021-09-16 09:38:00,10.225,10.45,10.2,10.375,-1
2021-09-16 09:39:00,10.375,10.375,10.075,10.075,-1
2021-09-16 09:40:00,10.075,10.2,9.975,10.05,-1
2021-09-16 09:41:00,10.05,10.15,10.025,10.075,-1
2021-09-16 09:42:00,10.075,10.15,9.975,10.025,-1
2021-09-16 09:43:00,10.025,10.1,9.975,10.0,-1
2021-09-16 09:44:00,10.0,10.1,9.95,10.075,-1
2021-09-16 09:45:00,10.075,10.15,10.0,10.0,-1
2021-09-16 09:46:00,10.0,10.15,10.0,10.15,-1
2021-09-16 09:47:00,10.15,10.2,10.1,10.15,-1
2021-09-16 09:48:00,10.15,10.2,10.075,10.1,-1
2021-09-16 09:49:00,10.1,10.1,9.7,9.85,-1
2021-09-16 09:50:00,9.85,9.925,9.8,9.875,-1
2021-09-16 09:51:00,9.875,9.975,9.875,9.9,-1
2021-09-16 09:52:00,9.9,9.975,9.85,9.85,-1
2021-09-16 09:53:00,9.85,9.875,9.75,9.75,-1
2021-09-16 09:54:00,9.75,9.875,9.725,9.85,-1
2021-09-16 09:55:00,9.85,9.95,9.8,9.9,-1
2021-09-16 09:56:00,9.9,9.925,9.85,9.85,-1
2021-09-16 09:57:00,9.85,9.975,9.85,9.925,-1
2021-09-16 09:58:00,9.925,9.95,9.85,9.925,-1
2021-09-16 09:59:00,9.925,9.95,9.9,9.9,-1
2021-09-16 10:00:00,9.9,9.9,9.825,9.825,-1
2021-09-16 10:01:00,9.825,9.825,9.725,9.8,-1
2021-09-16 10:02:00,9.8,9.85,9.725,9.75,-1
2021-09-16 10:03:00,9.75,9.75,9.675,9.675,-1
2021-09-16 10:04:00,9.675,9.7,9.6,9.65,-1
2021-09-16 10:05:00,9.65,9.7,9.625,9.675,-1
2021-09-16 10:06:00,9.675,9.8,9.65,9.775,-1
2021-09-16 10:07:00,9.775,9.9,9.75,9.9,-1
2021-09-16 10:08:00,9.9,9.95,9.825,9.85,-1
2021-09-16 10:09:00,9.85,9.975,9.85,9.95,-1
2021-09-16 10:10:00,9.95,10.0,9.85,9.85,-1
2021-09-16 10:11:00,9.85,9.9,9.8,9.85,-1
2021-09-16 10:12:00,9.85,9.9,9.75,9.75,-1
2021-09-16 10:13:00,9.75,9.8,9.675,9.75,-1
2021-09-16 10:14:00,9.75,9.75,9.625,9.625,-1
2021-09-16 10:15:00,9.625,9.675,9.525,9.575,-1
2021-09-16 10:16:00,9.575,9.575,9.375,9.425,-1
2021-09-16 10:17:00,9.425,9.65,9.425,9.55,-1
2021-09-16 10:18:00,9.55,9.65,9.55,9.575,-1
2021-09-16 10:19:00,9.575,9.625,9.525,9.6,-1
2021-09-16 10:20:00,9.6,9.625,9.525,9.55,-1
2021-09-16 10:21:00,9.55,9.725,9.5,9.7,-1
2021-09-16 10:22:00,9.7,9.75,9.675,9.75,-1
2021-09-16 10:23:00,9.75,9.75,9.65,9.75,-1
2021-09-16 10:24:00,9.75,9.825,9.725,9.725,-1
2021-09-16 10:25:00,9.725,9.75,9.65,9.7,-1
2021-09-16 10:26:00,9.7,9.75,9.675,9.7,-1
2021-09-16 10:27:00,9.7,9.8,9.675,9.8,-1
2021-09-16 10:28:00,9.8,9.8,9.7,9.7,-1
2021-09-16 10:29:00,9.7,9.8,9.7,9.8,-1
2021-09-16 10:30:00,9.8,9.9,9.725,9.775,-1
2021-09-16 10:31:00,9.775,9.8,9.7,9.775,-1
2021-09-16 10:32:00,9.775,9.825,9.75,9.8,-1
2021-09-16 10:33:00,9.8,9.85,9.775,9.8,-1
2021-09-16 10:34:00,9.8,9.8,9.775,9.775,-1
2021-09-16 10:35:00,9.775,9.8,9.75,9.75,-1
2021-09-16 10:36:00,9.75,9.75,9.65,9.65,-1
2021-09-16 10:37:00,9.65,9.75,9.625,9.675,-1
2021-09-16 10:38:00,9.675,9.7,9.625,9.675,-1
2021-09-16 10:39:00,9.675,9.8,9.65,9.775,-1
2021-09-16 10:40:00,9.775,9.8,9.725,9.75,-1
2021-09-16 10:41:00,9.75,9.8,9.7,9.7,-1
2021-09-16 10:42:00,9.7,9.725,9.65,9.7,-1
2021-09-16 10:43:00,9.7,9.775,9.675,9.7,-1
2021-09-16 10:44:00,9.7,9.75,9.65,9.675,-1
2021-09-16 10:45:00,9.675,9.7,9.625,9.65,-1
2021-09-16 10:46:00,9.65,9.7,9.6,9.65,-1
2021-09-16 10:47:00,9.65,9.85,9.625,9.85,-1
2021-09-16 10:48:00,9.85,9.875,9.825,9.85,-1
2021-09-16 10:49:00,9.85,9.85,9.75,9.8,-1
2021-09-16 10:50:00,9.8,9.8,9.65,9.65,-1
2021-09-16 10:51:00,9.65,9.7,9.625,9.65,-1
2021-09-16 10:52:00,9.65,9.7,9.625,9.65,-1
2021-09-16 10:53:00,9.65,9.65,9.575,9.6,-1
2021-09-16 10:54:00,9.6,9.625,9.525,9.525,-1
2021-09-16 10:55:00,9.525,9.55,9.45,9.475,-1
2021-09-16 10:56:00,9.475,9.525,9.45,9.45,-1
2021-09-16 10:57:00,9.45,9.55,9.4,9.525,-1
2021-09-16 10:58:00,9.525,9.65,9.525,9.625,-1
2021-09-16 10:59:00,9.625,9.725,9.6,9.725,-1
2021-09-16 11:00:00,9.725,9.75,9.7,9.725,-1
2021-09-16 11:01:00,9.725,9.775,9.7,9.75,-1
2021-09-16 11:02:00,9.75,9.8,9.725,9.75,-1
2021-09-16 11:03:00,9.75,9.75,9.65,9.7,-1
2021-09-16 11:04:00,9.7,9.7,9.575,9.6,-1
2021-09-16 11:05:00,9.6,9.6,9.525,9.525,-1
2021-09-16 11:06:00,9.525,9.6,9.525,9.55,-1
2021-09-16 11:07:00,9.55,9.65,9.55,9.55,-1
2021-09-16 11:08:00,9.55,9.65,9.55,9.6,-1
2021-09-16 11:09:00,9.6,9.7,9.575,9.7,-1
2021-09-16 11:10:00,9.7,9.7,9.625,9.675,-1
2021-09-16 11:11:00,9.675,9.75,9.65,9.7,-1
2021-09-16 11:12:00,9.7,9.75,9.7,9.7,-1
2021-09-16 11:13:00,9.7,9.75,9.65,9.65,-1
2021-09-16 11:14:00,9.65,9.65,9.6,9.6,-1
2021-09-16 11:15:00,9.6,9.6,9.475,9.5,-1
2021-09-16 11:16:00,9.5,9.55,9.475,9.475,-1
2021-09-16 11:17:00,9.475,9.5,9.425,9.45,-1
2021-09-16 11:18:00,9.45,9.5,9.425,9.45,-1
2021-09-16 11:19:00,9.45,9.5,9.45,9.45,-1
2021-09-16 11:20:00,9.45,9.45,9.4,9.45,-1
2021-09-16 11:21:00,9.45,9.45,9.35,9.4,-1
2021-09-16 11:22:00,9.4,9.5,9.375,9.45,-1
2021-09-16 11:23:00,9.45,9.55,9.45,9.5,-1
2021-09-16 11:24:00,9.5,9.5,9.45,9.5,-1
2021-09-16 11:25:00,9.5,9.6,9.475,9.55,-1
2021-09-16 11:26:00,9.55,9.575,9.5,9.5,-1
2021-09-16 11:27:00,9.5,9.6,9.5,9.6,-1
2021-09-16 11:28:00,9.6,9.65,9.575,9.65,-1
2021-09-16 11:29:00,9.65,9.65,9.575,9.6,-1
2021-09-16 11:30:00,9.6,9.65,9.6,9.65,-1
2021-09-16 11:31:00,9.65,9.7,9.625,9.65,-1
2021-09-16 11:32:00,9.65,9.65,9.6,9.65,-1
2021-09-16 11:33:00,9.65,9.65,9.6,9.6,-1
2021-09-16 11:34:00,9.6,9.65,9.6,9.6,-1
2021-09-16 11:35:00,9.6,9.65,9.575,9.575,-1
2021-09-16 11:36:00,9.575,9.6,9.55,9.6,-1
2021-09-16 11:37:00,9.6,9.75,9.6,9.75,-1
2021-09-16 11:38:00,9.75,9.825,9.75,9.8,-1
2021-09-16 11:39:00,9.8,9.8,9.75,9.8,-1
2021-09-16 11:40:00,9.8,9.875,9.775,9.8,-1
2021-09-16 11:41:00,9.8,9.85,9.8,9.825,-1
2021-09-16 11:42:00,9.825,9.825,9.75,9.75,-1
2021-09-16 11:43:00,9.75,9.75,9.7,9.725,-1
2021-09-16 11:44:00,9.725,9.75,9.7,9.7,-1
2021-09-16 11:45:00,9.7,9.725,9.65,9.65,-1
2021-09-16 11:46:00,9.65,9.7,9.625,9.65,-1
2021-09-16 11:47:00,9.65,9.725,9.65,9.675,-1
2021-09-16 11:48:00,9.675,9.7,9.65,9.7,-1
2021-09-16 11:49:00,9.7,9.725,9.675,9.675,-1
2021-09-16 11:50:00,9.675,9.725,9.65,9.7,-1
2021-09-16 11:51:00,9.7,9.7,9.6,9.6,-1
2021-09-16 11:52:00,9.6,9.65,9.55,9.55,-1
2021-09-16 11:53:00,9.55,9.65,9.55,9.65,-1
2021-09-16 11:54:00,9.65,9.65,9.6,9.6,-1
2021-09-16 11:55:00,9.6,9.65,9.6,9.6,-1
2021-09-16 11:56:00,9.6,9.65,9.6,9.6,-1
2021-09-16 11:57:00,9.6,9.65,9.575,9.65,-1
2021-09-16 11:58:00,9.65,9.7,9.65,9.7,-1
2021-09-16 11:59:00,9.7,9.775,9.7,9.75,-1
2021-09-16 12:00:00,9.75,9.775,9.725,9.75,-1
2021-09-16 12:01:00,9.75,9.8,9.75,9.8,-1
2021-09-16 12:02:00,9.8,9.85,9.75,9.825,-1
2021-09-16 12:03:00,9.825,9.85,9.8,9.8,-1
2021-09-16 12:04:00,9.8,9.8,9.7,9.7,-1
2021-09-16 12:05:00,9.7,9.75,9.7,9.75,-1
2021-09-16 12:06:00,9.75,9.8,9.725,9.8,-1
2021-09-16 12:07:00,9.8,9.875,9.75,9.875,-1
2021-09-16 12:08:00,9.875,9.875,9.85,9.85,-1
2021-09-16 12:09:00,9.85,9.9,9.85,9.875,-1
2021-09-16 12:10:00,9.875,9.9,9.85,9.9,-1
2021-09-16 12:11:00,9.9,9.9,9.8,9.8,-1
2021-09-16 12:12:00,9.8,9.85,9.8,9.85,-1
2021-09-16 12:13:00,9.85,9.85,9.85,9.85,-1
2021-09-16 12:14:00,9.85,9.85,9.8,9.825,-1
2021-09-16 12:15:00,9.825,9.9,9.825,9.9,-1
2021-09-16 12:16:00,9.9,9.95,9.9,9.95,-1
2021-09-16 12:17:00,9.95,9.95,9.95,9.95,-1
2021-09-16 12:18:00,9.95,9.975,9.95,9.95,-1
2021-09-16 12:19:00,9.95,10.0,9.925,10.0,-1
2021-09-16 12:20:00,10.0,10.075,10.0,10.05,-1
2021-09-16 12:21:00,10.05,10.05,10.0,10.0,-1
2021-09-16 12:22:00,10.0,10.05,10.0,10.05,-1
2021-09-16 12:23:00,10.05,10.05,9.95,9.95,-1
2021-09-16 12:24:00,9.95,10.0,9.95,9.95,-1
2021-09-16 12:25:00,9.95,9.95,9.925,9.95,-1
2021-09-16 12:26:00,9.95,9.95,9.9,9.925,-1
2021-09-16 12:27:00,9.925,9.95,9.85,9.9,-1
2021-09-16 12:28:00,9.9,9.9,9.9,9.9,-1
2021-09-16 12:29:00,9.9,9.9,9.85,9.85,-1
2021-09-16 12:30:00,9.85,9.95,9.85,9.95,-1
2021-09-16 12:31:00,9.95,9.95,9.9,9.95,-1
2021-09-16 12:32:00,9.95,9.95,9.925,9.95,-1
2021-09-16 12:33:00,9.95,9.95,9.9,9.9,-1
2021-09-16 12:34:00,9.9,9.95,9.9,9.95,-1
2021-09-16 12:35:00,9.95,9.95,9.95,9.95,-1
2021-09-16 12:36:00,9.95,9.95,9.9,9.9,-1
2021-09-16 12:37:00,9.9,9.9,9.9,9.9,-1
2021-09-16 12:38:00,9.9,9.95,9.9,9.95,-1
2021-09-16 12:39:00,9.95,9.95,9.95,9.95,-1
2021-09-16 12:40:00,9.95,10.0,9.925,10.0,-1
2021-09-16 12:41:00,10.0,10.0,9.975,10.0,-1
2021-09-16 12:42:00,10.0,10.05,10.0,10.05,-1
2021-09-16 12:43:00,10.05,10.1,10.05,10.1,-1
2021-09-16 12:44:00,10.1,10.2,10.1,10.2,-1
2021-09-16 12:45:00,10.2,10.2,10.1,10.125,-1
2021-09-16 12:46:00,10.125,10.15,10.1,10.15,-1
2021-09-16 12:47:00,10.15,10.15,10.05,10.075,-1
2021-09-16 12:48:00,10.075,10.075,10.025,10.025,-1
2021-09-16 12:49:00,10.025,10.05,10.025,10.05,-1
2021-09-16 12:50:00,10.05,10.1,10.05,10.1,-1
2021-09-16 12:51:00,10.1,10.1,9.975,10.0,-1
2021-09-16 12:52:00,10.0,10.1,9.975,10.05,-1
2021-09-16 12:53:00,10.05,10.075,10.0,10.0,-1
2021-09-16 12:54:00,10.0,10.05,10.0,10.0,-1
2021-09-16 12:55:00,10.0,10.05,10.0,10.05,-1
2021-09-16 12:56:00,10.05,10.1,10.05,10.1,-1
2021-09-16 12:57:00,10.1,10.15,10.05,10.05,-1
2021-09-16 12:58:00,10.05,10.1,10.05,10.1,-1
2021-09-16 12:59:00,10.1,10.1,10.05,10.05,-1
2021-09-16 13:00:00,10.05,10.05,10.0,10.0,-1
2021-09-16 13:01:00,10.0,10.05,9.95,9.95,-1
2021-09-16 13:02:00,9.95,10.0,9.925,9.925,-1
2021-09-16 13:03:00,9.925,9.95,9.9,9.9,-1
2021-09-16 13:04:00,9.9,9.95,9.9,9.9,-1
2021-09-16 13:05:00,9.9,9.95,9.9,9.9,-1
2021-09-16 13:06:00,9.9,9.95,9.9,9.95,-1
2021-09-16 13:07:00,9.95,9.975,9.95,9.95,-1
2021-09-16 13:08:00,9.95,9.95,9.95,9.95,-1
2021-09-16 13:09:00,9.95,9.95,9.95,9.95,-1
2021-09-16 13:10:00,9.95,9.95,9.95,9.95,-1
2021-09-16 13:11:00,9.95,9.975,9.925,9.95,-1
2021-09-16 13:12:00,9.95,10.0,9.95,9.95,-1
2021-09-16 13:13:00,9.95,9.975,9.95,9.95,-1
2021-09-16 13:14:00,9.95,10.0,9.95,10.0,-1
2021-09-16 13:15:00,10.0,10.0,9.95,9.95,-1
2021-09-16 13:16:00,9.95,9.95,9.9,9.9,-1
2021-09-16 13:17:00,9.9,9.95,9.9,9.925,-1
2021-09-16 13:18:00,9.925,9.95,9.9,9.95,-1
2021-09-16 13:19:00,9.95,10.05,9.95,10.0,-1
2021-09-16 13:20:00,10.0,10.1,10.0,10.1,-1
2021-09-16 13:21:00,10.1,10.1,10.0,10.025,-1
2021-09-16 13:22:00,10.025,10.05,10.0,10.0,-1
2021-09-16 13:23:00,10.0,10.0,10.0,10.0,-1
2021-09-16 13:24:00,10.0,10.0,9.975,10.0,-1
2021-09-16 13:25:00,10.0,10.0,10.0,10.0,-1
2021-09-16 13:26:00,10.0,10.0,9.95,9.95,-1
2021-09-16 13:27:00,9.95,10.0,9.95,10.0,-1
2021-09-16 13:28:00,10.0,10.0,9.975,10.0,-1
2021-09-16 13:29:00,10.0,10.0,9.95,9.95,-1
2021-09-16 13:30:00,9.95,9.95,9.9,9.9,-1
2021-09-16 13:31:00,9.9,9.9,9.775,9.775,-1
2021-09-16 13:32:00,9.775,9.8,9.75,9.775,-1
2021-09-16 13:33:00,9.775,9.8,9.75,9.8,-1
2021-09-16 13:34:00,9.8,9.8,9.8,9.8,-1
2021-09-16 13:35:00,9.8,9.85,9.8,9.8,-1
2021-09-16 13:36:00,9.8,9.8,9.725,9.725,-1
2021-09-16 13:37:00,9.725,9.75,9.725,9.725,-1
2021-09-16 13:38:00,9.725,9.75,9.7,9.725,-1
2021-09-16 13:39:00,9.725,9.75,9.725,9.75,-1
2021-09-16 13:40:00,9.75,9.8,9.75,9.8,-1
2021-09-16 13:41:00,9.8,9.8,9.75,9.75,-1
2021-09-16 13:42:00,9.75,9.75,9.7,9.7,-1
2021-09-16 13:43:00,9.7,9.775,9.7,9.775,-1
2021-09-16 13:44:00,9.775,9.775,9.75,9.75,-1
2021-09-16 13:45:00,9.75,9.75,9.7,9.75,-1
2021-09-16 13:46:00,9.75,9.75,9.7,9.725,-1
2021-09-16 13:47:00,9.725,9.8,9.725,9.775,-1
2021-09-16 13:48:00,9.775,9.8,9.75,9.775,-1
2021-09-16 13:49:00,9.775,9.825,9.775,9.8,-1
2021-09-16 13:50:00,9.8,9.85,9.8,9.85,-1
2021-09-16 13:51:00,9.85,9.95,9.85,9.95,-1
2021-09-16 13:52:00,9.95,10.0,9.95,10.0,-1
2021-09-16 13:53:00,10.0,10.15,10.0,10.15,-1
2021-09-16 13:54:00,10.15,10.2,10.1,10.2,-1
2021-09-16 13:55:00,10.2,10.2,10.1,10.2,-1
2021-09-16 13:56:00,10.2,10.25,10.15,10.2,-1
2021-09-16 13:57:00,10.2,10.25,10.175,10.25,-1
2021-09-16 13:58:00,10.25,10.25,10.15,10.175,-1
2021-09-16 13:59:00,10.175,10.2,10.1,10.15,-1
2021-09-16 14:00:00,10.15,10.175,10.1,10.15,-1
2021-09-16 14:01:00,10.15,10.175,10.15,10.15,-1
2021-09-16 14:02:00,10.15,10.2,10.15,10.15,-1
2021-09-16 14:03:00,10.15,10.15,10.1,10.1,-1
2021-09-16 14:04:00,10.1,10.125,10.05,10.1,-1
2021-09-16 14:05:00,10.1,10.1,10.05,10.05,-1
2021-09-16 14:06:00,10.05,10.075,10.05,10.05,-1
2021-09-16 14:07:00,10.05,10.1,10.05,10.075,-1
2021-09-16 14:08:00,10.075,10.1,10.075,10.1,-1
2021-09-16 14:09:00,10.1,10.1,10.05,10.1,-1
2021-09-16 14:10:00,10.1,10.25,10.1,10.25,-1
2021-09-16 14:11:00,10.25,10.3,10.25,10.3,-1
2021-09-16 14:12:00,10.3,10.3,10.2,10.2,-1
2021-09-16 14:13:00,10.2,10.2,10.15,10.15,-1
2021-09-16 14:14:00,10.15,10.175,10.15,10.15,-1
2021-09-16 14:15:00,10.15,10.2,10.15,10.15,-1
2021-09-16 14:16:00,10.15,10.15,10.1,10.1,-1
2021-09-16 14:17:00,10.1,10.125,10.1,10.1,-1
2021-09-16 14:18:00,10.1,10.1,10.1,10.1,-1
2021-09-16 14:19:00,10.1,10.1,10.05,10.05,-1
2021-09-16 14:20:00,10.05,10.05,9.975,10.05,-1
2021-09-16 14:21:00,10.05,10.075,10.025,10.05,-1
2021-09-16 14:22:00,10.05,10.05,10.025,10.05,-1
2021-09-16 14:23:00,10.05,10.075,10.05,10.05,-1
2021-09-16 14:24:00,10.05,10.05,10.05,10.05,-1
2021-09-16 14:25:00,10.05,10.1,10.05,10.075,-1
2021-09-16 14:26:00,10.075,10.1,10.05,10.05,-1
2021-09-16 14:27:00,10.05,10.05,10.05,10.05,-1
2021-09-16 14:28:00,10.05,10.05,9.975,10.0,-1
2021-09-16 14:29:00,10.0,10.05,10.0,10.05,-1
2021-09-16 14:30:00,10.05,10.1,10.025,10.025,-1
2021-09-16 14:31:00,10.025,10.05,10.0,10.05,-1
2021-09-16 14:32:00,10.05,10.05,10.05,10.05,-1
2021-09-16 14:33:00,10.05,10.1,10.05,10.1,-1
2021-09-16 14:34:00,10.1,10.1,10.05,10.075,-1
2021-09-16 14:35:00,10.075,10.15,10.05,10.15,-1
2021-09-16 14:36:00,10.15,10.2,10.125,10.2,-1
2021-09-16 14:37:00,10.2,10.2,10.15,10.15,-1
2021-09-16 14:38:00,10.15,10.15,10.1,10.15,-1
2021-09-16 14:39:00,10.15,10.15,10.1,10.1,-1
2021-09-16 14:40:00,10.1,10.1,10.075,10.075,-1
2021-09-16 14:41:00,10.075,10.075,10.025,10.05,-1
2021-09-16 14:42:00,10.05,10.1,10.05,10.05,-1
2021-09-16 14:43:00,10.05,10.1,10.05,10.05,-1
2021-09-16 14:44:00,10.05,10.05,10.0,10.025,-1
2021-09-16 14:45:00,10.025,10.075,10.025,10.075,-1
2021-09-16 14:46:00,10.075,10.075,10.0,10.0,-1
2021-09-16 14:47:00,10.0,10.1,10.0,10.05,-1
2021-09-16 14:48:00,10.05,10.125,10.05,10.1,-1
2021-09-16 14:49:00,10.1,10.125,10.075,10.125,-1
2021-09-16 14:50:00,10.125,10.15,10.1,10.1,-1
2021-09-16 14:51:00,10.1,10.1,10.05,10.1,-1
2021-09-16 14:52:00,10.1,10.2,10.1,10.175,-1
2021-09-16 14:53:00,10.175,10.25,10.15,10.25,-1
2021-09-16 14:54:00,10.25,10.25,10.2,10.25,-1
2021-09-16 14:55:00,10.25,10.35,10.225,10.325,-1
2021-09-16 14:56:00,10.325,10.35,10.3,10.3,-1
2021-09-16 14:57:00,10.3,10.3,10.25,10.3,-1
2021-09-16 14:58:00,10.3,10.35,10.3,10.35,-1
2021-09-16 14:59:00,10.35,10.35,10.275,10.3,-1
2021-09-16 15:00:00,10.3,10.3,10.275,10.3,-1
2021-09-16 15:01:00,10.3,10.375,10.3,10.375,-1
2021-09-16 15:02:00,10.375,10.4,10.35,10.375,-1
2021-09-16 15:03:00,10.375,10.4,10.3,10.325,-1
2021-09-16 15:04:00,10.325,10.35,10.3,10.35,-1
2021-09-16 15:05:00,10.35,10.425,10.3,10.4,-1
2021-09-16 15:06:00,10.4,10.45,10.4,10.4,-1
2021-09-16 15:07:00,10.4,10.525,10.4,10.525,-1
2021-09-16 15:08:00,10.525,10.6,10.525,10.575,-1
2021-09-16 15:09:00,10.575,10.6,10.575,10.575,-1
2021-09-16 15:10:00,10.575,10.675,10.575,10.675,-1
2021-09-16 15:11:00,10.675,10.675,10.625,10.675,-1
2021-09-16 15:12:00,10.675,10.675,10.625,10.625,-1
2021-09-16 15:13:00,10.625,10.625,10.625,10.625,-1
2021-09-16 15:14:00,10.625,10.625,10.575,10.625,-1
2021-09-16 15:15:00,10.625,10.675,10.6,10.65,-1
2021-09-16 15:16:00,10.65,10.675,10.55,10.55,-1
2021-09-16 15:17:00,10.55,10.575,10.475,10.525,-1
2021-09-16 15:18:00,10.525,10.525,10.425,10.475,-1
2021-09-16 15:19:00,10.475,10.525,10.475,10.525,-1
2021-09-16 15:20:00,10.525,10.525,10.475,10.525,-1
2021-09-16 15:21:00,10.525,10.525,10.475,10.475,-1
2021-09-16 15:22:00,10.475,10.525,10.475,10.475,-1
2021-09-16 15:23:00,10.475,10.525,10.475,10.475,-1
2021-09-16 15:24:00,10.475,10.475,10.425,10.425,-1
2021-09-16 15:25:00,10.425,10.5,10.425,10.475,-1
2021-09-16 15:26:00,10.475,10.525,10.475,10.525,-1
2021-09-16 15:27:00,10.525,10.525,10.475,10.475,-1
2021-09-16 15:28:00,10.475,10.5,10.475,10.475,-1
2021-09-16 15:29:00,10.475,10.475,10.425,10.425,-1
2021-09-16 15:30:00,10.425,10.525,10.425,10.525,-1
2021-09-16 15:31:00,10.525,10.525,10.475,10.525,-1
2021-09-16 15:32:00,10.525,10.55,10.475,10.525,-1
2021-09-16 15:33:00,10.525,10.575,10.525,10.525,-1
2021-09-16 15:34:00,10.525,10.55,10.525,10.525,-1
2021-09-16 15:35:00,10.525,10.55,10.475,10.475,-1
2021-09-16 15:36:00,10.475,10.55,10.475,10.525,-1
2021-09-16 15:37:00,10.525,10.575,10.525,10.575,-1
2021-09-16 15:38:00,10.575,10.575,10.525,10.575,-1
2021-09-16 15:39:00,10.575,10.575,10.525,10.575,-1
2021-09-16 15:40:00,10.575,10.625,10.575,10.575,-1
2021-09-16 15:41:00,10.575,10.575,10.525,10.575,-1
2021-09-16 15:42:00,10.575,10.575,10.525,10.575,-1
2021-09-16 15:43:00,10.575,10.575,10.525,10.575,-1
2021-09-16 15:44:00,10.575,10.575,10.525,10.575,-1
2021-09-16 15:45:00,10.575,10.575,10.55,10.575,-1
2021-09-16 15:46:00,10.575,10.625,10.575,10.625,-1
2021-09-16 15:47:00,10.625,10.675,10.625,10.65,-1
2021-09-16 15:48:00,10.65,10.65,10.575,10.575,-1
2021-09-16 15:49:00,10.575,10.625,10.575,10.625,-1
2021-09-16 15:50:00,10.625,10.7,10.6,10.675,-1
2021-09-16 15:51:00,10.675,10.925,10.575,10.575,-1
2021-09-16 15:52:00,10.575,10.575,10.55,10.55,-1
2021-09-16 15:53:00,10.55,10.575,10.525,10.525,-1
2021-09-16 15:54:00,10.525,10.775,10.475,10.6,-1
2021-09-16 15:55:00,10.6,10.825,10.45,10.575,-1
2021-09-16 15:56:00,10.575,10.6,10.525,10.575,-1
2021-09-16 15:57:00,10.575,10.575,10.525,10.525,-1
2021-09-16 15:58:00,10.525,10.575,10.525,10.525,-1
2021-09-16 15:59:00,10.525,10.65,10.525,10.65,-1
2021-09-17 09:30:00,10.55,10.6,9.975,10.0,-1
2021-09-17 09:31:00,10.0,10.325,9.875,9.95,-1
2021-09-17 09:32:00,9.95,10.225,9.8,9.975,-1
2021-09-17 09:33:00,9.975,10.075,9.75,9.8,-1
2021-09-17 09:34:00,9.8,9.925,9.725,9.8,-1
2021-09-17 09:35:00,9.8,9.85,9.55,9.6,-1
2021-09-17 09:36:00,9.6,9.725,9.475,9.65,-1
2021-09-17 09:37:00,9.65,9.775,9.575,9.625,-1
2021-09-17 09:38:00,9.625,9.775,9.575,9.725,-1
2021-09-17 09:39:00,9.725,9.825,9.6,9.625,-1
2021-09-17 09:40:00,9.625,9.675,9.55,9.65,-1
2021-09-17 09:41:00,9.65,9.925,9.65,9.675,-1
2021-09-17 09:42:00,9.675,9.825,9.575,9.6,-1
2021-09-17 09:43:00,9.6,9.7,9.5,9.625,-1
2021-09-17 09:44:00,9.625,9.625,9.45,9.475,-1
2021-09-17 09:45:00,9.475,9.5,9.325,9.475,-1
2021-09-17 09:46:00,9.475,9.575,9.375,9.4,-1
2021-09-17 09:47:00,9.4,9.525,9.4,9.425,-1
2021-09-17 09:48:00,9.425,9.475,9.275,9.275,-1
2021-09-17 09:49:00,9.275,9.35,9.175,9.325,-1
2021-09-17 09:50:00,9.325,9.4,9.25,9.35,-1
2021-09-17 09:51:00,9.35,9.4,9.275,9.3,-1
2021-09-17 09:52:00,9.3,9.35,9.25,9.325,-1
2021-09-17 09:53:00,9.325,9.325,9.175,9.2,-1
2021-09-17 09:54:00,9.2,9.25,9.15,9.2,-1
2021-09-17 09:55:00,9.2,9.3,9.175,9.2,-1
2021-09-17 09:56:00,9.2,9.2,9.05,9.1,-1
2021-09-17 09:57:00,9.1,9.175,9.05,9.05,-1
2021-09-17 09:58:00,9.05,9.15,9.025,9.15,-1
2021-09-17 09:59:00,9.15,9.325,9.125,9.3,-1
2021-09-17 10:00:00,9.3,9.3,9.1,9.2,-1
2021-09-17 10:01:00,9.2,9.2,9.075,9.1,-1
2021-09-17 10:02:00,9.1,9.175,9.075,9.15,-1
2021-09-17 10:03:00,9.15,9.2,9.025,9.125,-1
2021-09-17 10:04:00,9.125,9.15,9.0,9.025,-1
2021-09-17 10:05:00,9.025,9.025,8.875,8.9,-1
2021-09-17 10:06:00,8.9,9.0,8.9,8.925,-1
2021-09-17 10:07:00,8.925,9.075,8.9,9.05,-1
2021-09-17 10:08:00,9.05,9.075,8.95,8.975,-1
2021-09-17 10:09:00,8.975,9.0,8.85,8.85,-1
2021-09-17 10:10:00,8.85,8.85,8.7,8.725,-1
2021-09-17 10:11:00,8.725,8.875,8.725,8.8,-1
2021-09-17 10:12:00,8.8,8.925,8.775,8.9,-1
2021-09-17 10:13:00,8.9,8.9,8.675,8.8,-1
2021-09-17 10:14:00,8.8,8.875,8.75,8.85,-1
2021-09-17 10:15:00,8.85,8.85,8.725,8.8,-1
2021-09-17 10:16:00,8.8,8.95,8.8,8.9,-1
2021-09-17 10:17:00,8.9,8.95,8.8,8.9,-1
2021-09-17 10:18:00,8.9,9.025,8.85,9.025,-1
2021-09-17 10:19:00,9.025,9.1,9.025,9.05,-1
2021-09-17 10:20:00,9.05,9.1,9.0,9.075,-1
2021-09-17 10:21:00,9.075,9.175,9.05,9.15,-1
2021-09-17 10:22:00,9.15,9.175,9.075,9.1,-1
2021-09-17 10:23:00,9.1,9.35,9.075,9.35,-1
2021-09-17 10:24:00,9.35,9.35,9.275,9.3,-1
2021-09-17 10:25:00,9.3,9.325,9.225,9.25,-1
2021-09-17 10:26:00,9.25,9.25,9.1,9.1,-1
2021-09-17 10:27:00,9.1,9.225,9.075,9.1,-1
2021-09-17 10:28:00,9.1,9.15,9.05,9.075,-1
2021-09-17 10:29:00,9.075,9.15,9.05,9.15,-1
2021-09-17 10:30:00,9.15,9.15,9.0,9.075,-1
2021-09-17 10:31:00,9.075,9.075,8.95,9.0,-1
2021-09-17 10:32:00,9.0,9.15,9.0,9.125,-1
2021-09-17 10:33:00,9.125,9.2,9.125,9.2,-1
2021-09-17 10:34:00,9.2,9.2,9.1,9.15,-1
2021-09-17 10:35:00,9.15,9.175,9.125,9.15,-1
2021-09-17 10:36:00,9.15,9.15,8.95,8.95,-1
2021-09-17 10:37:00,8.95,9.0,8.925,8.95,-1
2021-09-17 10:38:00,8.95,9.025,8.95,9.0,-1
2021-09-17 10:39:00,9.0,9.025,8.95,8.975,-1
2021-09-17 10:40:00,8.975,9.05,8.95,8.975,-1
2021-09-17 10:41:00,8.975,9.0,8.9,8.95,-1
2021-09-17 10:42:00,8.95,9.05,8.925,8.975,-1
2021-09-17 10:43:00,8.975,9.05,8.925,9.0,-1
2021-09-17 10:44:00,9.0,9.05,8.95,8.95,-1
2021-09-17 10:45:00,8.95,8.95,8.85,8.85,-1
2021-09-17 10:46:00,8.85,8.875,8.8,8.8,-1
2021-09-17 10:47:00,8.8,8.8,8.775,8.8,-1
2021-09-17 10:48:00,8.8,8.85,8.8,8.85,-1
2021-09-17 10:49:00,8.85,8.85,8.8,8.825,-1
2021-09-17 10:50:00,8.825,8.825,8.675,8.75,-1
2021-09-17 10:51:00,8.75,8.8,8.75,8.8,-1
2021-09-17 10:52:00,8.8,8.85,8.75,8.775,-1
2021-09-17 10:53:00,8.775,8.9,8.75,8.9,-1
2021-09-17 10:54:00,8.9,8.975,8.875,8.95,-1
2021-09-17 10:55:00,8.95,9.0,8.9,8.9,-1
2021-09-17 10:56:00,8.9,8.95,8.875,8.9,-1
2021-09-17 10:57:00,8.9,8.95,8.9,8.9,-1
2021-09-17 10:58:00,8.9,8.9,8.85,8.9,-1
2021-09-17 10:59:00,8.9,8.9,8.85,8.875,-1
2021-09-17 11:00:00,8.875,8.9,8.825,8.875,-1
2021-09-17 11:01:00,8.875,8.95,8.8,8.95,-1
2021-09-17 11:02:00,8.95,8.95,8.85,8.85,-1
2021-09-17 11:03:00,8.85,8.875,8.825,8.85,-1
2021-09-17 11:04:00,8.85,8.85,8.725,8.8,-1
2021-09-17 11:05:00,8.8,8.85,8.75,8.775,-1
2021-09-17 11:06:00,8.775,8.8,8.75,8.8,-1
2021-09-17 11:07:00,8.8,8.85,8.775,8.775,-1
2021-09-17 11:08:00,8.775,8.85,8.75,8.85,-1
2021-09-17 11:09:00,8.85,8.9,8.85,8.85,-1
2021-09-17 11:10:00,8.85,8.85,8.7,8.75,-1
2021-09-17 11:11:00,8.75,8.75,8.725,8.75,-1
2021-09-17 11:12:00,8.75,8.8,8.65,8.75,-1
2021-09-17 11:13:00,8.75,8.95,8.75,8.95,-1
2021-09-17 11:14:00,8.95,8.975,8.9,8.95,-1
2021-09-17 11:15:00,8.95,9.025,8.925,8.925,-1
2021-09-17 11:16:00,8.925,8.95,8.875,8.9,-1
2021-09-17 11:17:00,8.9,8.9,8.8,8.875,-1
2021-09-17 11:18:00,8.875,8.975,8.875,8.95,-1
2021-09-17 11:19:00,8.95,8.975,8.9,8.9,-1
2021-09-17 11:20:00,8.9,8.95,8.9,8.9,-1
2021-09-17 11:21:00,8.9,8.9,8.875,8.875,-1
2021-09-17 11:22:00,8.875,8.95,8.875,8.925,-1
2021-09-17 11:23:00,8.925,8.95,8.9,8.9,-1
2021-09-17 11:24:00,8.9,8.925,8.875,8.875,-1
2021-09-17 11:25:00,8.875,8.875,8.775,8.85,-1
2021-09-17 11:26:00,8.85,8.85,8.8,8.85,-1
2021-09-17 11:27:00,8.85,8.85,8.8,8.8,-1
2021-09-17 11:28:00,8.8,8.85,8.675,8.7,-1
2021-09-17 11:29:00,8.7,8.7,8.65,8.675,-1
2021-09-17 11:30:00,8.675,8.7,8.525,8.55,-1
2021-09-17 11:31:00,8.55,8.55,8.45,8.5,-1
2021-09-17 11:32:00,8.5,8.525,8.375,8.4,-1
2021-09-17 11:33:00,8.4,8.45,8.35,8.45,-1
2021-09-17 11:34:00,8.45,8.5,8.45,8.5,-1
2021-09-17 11:35:00,8.5,8.55,8.45,8.475,-1
2021-09-17 11:36:00,8.475,8.55,8.45,8.5,-1
2021-09-17 11:37:00,8.5,8.5,8.45,8.45,-1
2021-09-17 11:38:00,8.45,8.55,8.45,8.55,-1
2021-09-17 11:39:00,8.55,8.6,8.475,8.475,-1
2021-09-17 11:40:00,8.475,8.6,8.475,8.55,-1
2021-09-17 11:41:00,8.55,8.6,8.525,8.55,-1
2021-09-17 11:42:00,8.55,8.6,8.55,8.6,-1
2021-09-17 11:43:00,8.6,8.6,8.55,8.55,-1
2021-09-17 11:44:00,8.55,8.625,8.5,8.575,-1
2021-09-17 11:45:00,8.575,8.65,8.575,8.6,-1
2021-09-17 11:46:00,8.6,8.65,8.6,8.65,-1
2021-09-17 11:47:00,8.65,8.7,8.625,8.7,-1
2021-09-17 11:48:00,8.7,8.725,8.675,8.7,-1
2021-09-17 11:49:00,8.7,8.7,8.65,8.65,-1
2021-09-17 11:50:00,8.65,8.65,8.525,8.55,-1
2021-09-17 11:51:00,8.55,8.55,8.425,8.45,-1
2021-09-17 11:52:00,8.45,8.5,8.425,8.45,-1
2021-09-17 11:53:00,8.45,8.5,8.425,8.45,-1
2021-09-17 11:54:00,8.45,8.475,8.425,8.425,-1
2021-09-17 11:55:00,8.425,8.525,8.4,8.45,-1
2021-09-17 11:56:00,8.45,8.5,8.425,8.5,-1
2021-09-17 11:57:00,8.5,8.6,8.5,8.55,-1
2021-09-17 11:58:00,8.55,8.65,8.55,8.65,-1
2021-09-17 11:59:00,8.65,8.65,8.55,8.55,-1
2021-09-17 12:00:00,8.55,8.65,8.55,8.6,-1
2021-09-17 12:01:00,8.6,8.7,8.6,8.7,-1
2021-09-17 12:02:00,8.7,8.75,8.65,8.75,-1
2021-09-17 12:03:00,8.75,8.75,8.675,8.7,-1
2021-09-17 12:04:00,8.7,8.75,8.675,8.75,-1
2021-09-17 12:05:00,8.75,8.8,8.7,8.75,-1
2021-09-17 12:06:00,8.75,8.775,8.725,8.75,-1
2021-09-17 12:07:00,8.75,8.75,8.675,8.7,-1
2021-09-17 12:08:00,8.7,8.75,8.65,8.7,-1
2021-09-17 12:09:00,8.7,8.75,8.7,8.75,-1
2021-09-17 12:10:00,8.75,8.8,8.75,8.75,-1
2021-09-17 12:11:00,8.75,8.8,8.725,8.75,-1
2021-09-17 12:12:00,8.75,8.775,8.725,8.75,-1
2021-09-17 12:13:00,8.75,8.75,8.7,8.7,-1
2021-09-17 12:14:00,8.7,8.7,8.65,8.65,-1
2021-09-17 12:15:00,8.65,8.7,8.65,8.65,-1
2021-09-17 12:16:00,8.65,8.65,8.6,8.6,-1
2021-09-17 12:17:00,8.6,8.65,8.6,8.6,-1
2021-09-17 12:18:00,8.6,8.625,8.55,8.55,-1
2021-09-17 12:19:00,8.55,8.6,8.5,8.525,-1
2021-09-17 12:20:00,8.525,8.625,8.5,8.625,-1
2021-09-17 12:21:00,8.625,8.65,8.575,8.575,-1
2021-09-17 12:22:00,8.575,8.65,8.55,8.65,-1
2021-09-17 12:23:00,8.65,8.7,8.65,8.7,-1
2021-09-17 12:24:00,8.7,8.75,8.65,8.75,-1
2021-09-17 12:25:00,8.75,8.75,8.7,8.7,-1
2021-09-17 12:26:00,8.7,8.7,8.675,8.7,-1
2021-09-17 12:27:00,8.7,8.75,8.675,8.75,-1
2021-09-17 12:28:00,8.75,8.75,8.7,8.7,-1
2021-09-17 12:29:00,8.7,8.7,8.65,8.65,-1
2021-09-17 12:30:00,8.65,8.75,8.65,8.7,-1
2021-09-17 12:31:00,8.7,8.725,8.7,8.725,-1
2021-09-17 12:32:00,8.725,8.775,8.7,8.75,-1
2021-09-17 12:33:00,8.75,8.8,8.75,8.8,-1
2021-09-17 12:34:00,8.8,8.85,8.8,8.85,-1
2021-09-17 12:35:00,8.85,8.9,8.85,8.875,-1
2021-09-17 12:36:00,8.875,8.9,8.85,8.875,-1
2021-09-17 12:37:00,8.875,8.875,8.825,8.85,-1
2021-09-17 12:38:00,8.85,8.85,8.775,8.8,-1
2021-09-17 12:39:00,8.8,8.85,8.8,8.85,-1
2021-09-17 12:40:00,8.85,8.9,8.8,8.85,-1
2021-09-17 12:41:00,8.85,8.9,8.825,8.9,-1
2021-09-17 12:42:00,8.9,8.9,8.85,8.85,-1
2021-09-17 12:43:00,8.85,8.85,8.8,8.825,-1
2021-09-17 12:44:00,8.825,8.85,8.8,8.8,-1
2021-09-17 12:45:00,8.8,8.9,8.8,8.85,-1
2021-09-17 12:46:00,8.85,8.85,8.85,8.85,-1
2021-09-17 12:47:00,8.85,8.9,8.85,8.85,-1
2021-09-17 12:48:00,8.85,8.85,8.8,8.85,-1
2021-09-17 12:49:00,8.85,8.875,8.8,8.8,-1
2021-09-17 12:50:00,8.8,8.975,8.8,8.975,-1
2021-09-17 12:51:00,8.975,8.975,8.875,8.9,-1
2021-09-17 12:52:00,8.9,8.95,8.85,8.9,-1
2021-09-17 12:53:00,8.9,8.9,8.85,8.9,-1
2021-09-17 12:54:00,8.9,8.925,8.85,8.925,-1
2021-09-17 12:55:00,8.925,8.975,8.9,8.9,-1
2021-09-17 12:56:00,8.9,8.9,8.875,8.9,-1
2021-09-17 12:57:00,8.9,8.9,8.85,8.85,-1
2021-09-17 12:58:00,8.85,8.85,8.825,8.85,-1
2021-09-17 12:59:00,8.85,8.9,8.8,8.85,-1
2021-09-17 13:00:00,8.85,8.85,8.75,8.75,-1
2021-09-17 13:01:00,8.75,8.775,8.65,8.675,-1
2021-09-17 13:02:00,8.675,8.7,8.625,8.65,-1
2021-09-17 13:03:00,8.65,8.7,8.65,8.65,-1
2021-09-17 13:04:00,8.65,8.725,8.65,8.675,-1
2021-09-17 13:05:00,8.675,8.7,8.65,8.65,-1
2021-09-17 13:06:00,8.65,8.725,8.65,8.7,-1
2021-09-17 13:07:00,8.7,8.7,8.65,8.65,-1
2021-09-17 13:08:00,8.65,8.65,8.6,8.6,-1
2021-09-17 13:09:00,8.6,8.625,8.575,8.6,-1
2021-09-17 13:10:00,8.6,8.65,8.6,8.65,-1
2021-09-17 13:11:00,8.65,8.65,8.575,8.6,-1
2021-09-17 13:12:00,8.6,8.625,8.6,8.6,-1
2021-09-17 13:13:00,8.6,8.6,8.525,8.55,-1
2021-09-17 13:14:00,8.55,8.55,8.525,8.55,-1
2021-09-17 13:15:00,8.55,8.6,8.55,8.575,-1
2021-09-17 13:16:00,8.575,8.6,8.525,8.55,-1
2021-09-17 13:17:00,8.55,8.55,8.5,8.5,-1
2021-09-17 13:18:00,8.5,8.525,8.45,8.45,-1
2021-09-17 13:19:00,8.45,8.45,8.4,8.45,-1
2021-09-17 13:20:00,8.45,8.525,8.45,8.45,-1
2021-09-17 13:21:00,8.45,8.5,8.425,8.5,-1
2021-09-17 13:22:00,8.5,8.5,8.425,8.45,-1
2021-09-17 13:23:00,8.45,8.45,8.4,8.4,-1
2021-09-17 13:24:00,8.4,8.4,8.375,8.4,-1
2021-09-17 13:25:00,8.4,8.4,8.325,8.375,-1
2021-09-17 13:26:00,8.375,8.45,8.325,8.425,-1
2021-09-17 13:27:00,8.425,8.45,8.4,8.4,-1
2021-09-17 13:28:00,8.4,8.45,8.375,8.45,-1
2021-09-17 13:29:00,8.45,8.45,8.4,8.45,-1
2021-09-17 13:30:00,8.45,8.45,8.4,8.4,-1
2021-09-17 13:31:00,8.4,8.45,8.4,8.4,-1
2021-09-17 13:32:00,8.4,8.4,8.35,8.35,-1
2021-09-17 13:33:00,8.35,8.45,8.35,8.4,-1
2021-09-17 13:34:00,8.4,8.45,8.4,8.45,-1
2021-09-17 13:35:00,8.45,8.525,8.45,8.5,-1
2021-09-17 13:36:00,8.5,8.525,8.45,8.45,-1
2021-09-17 13:37:00,8.45,8.5,8.45,8.5,-1
2021-09-17 13:38:00,8.5,8.5,8.425,8.5,-1
2021-09-17 13:39:00,8.5,8.55,8.5,8.5,-1
2021-09-17 13:40:00,8.5,8.55,8.5,8.525,-1
2021-09-17 13:41:00,8.525,8.525,8.475,8.525,-1
2021-09-17 13:42:00,8.525,8.525,8.5,8.5,-1
2021-09-17 13:43:00,8.5,8.55,8.5,8.5,-1
2021-09-17 13:44:00,8.5,8.5,8.4,8.45,-1
2021-09-17 13:45:00,8.45,8.45,8.4,8.4,-1
2021-09-17 13:46:00,8.4,8.4,8.25,8.3,-1
2021-09-17 13:47:00,8.3,8.325,8.25,8.25,-1
2021-09-17 13:48:00,8.25,8.35,8.25,8.3,-1
2021-09-17 13:49:00,8.3,8.325,8.2,8.2,-1
2021-09-17 13:50:00,8.2,8.2,8.15,8.2,-1
2021-09-17 13:51:00,8.2,8.2,8.15,8.2,-1
2021-09-17 13:52:00,8.2,8.2,8.2,8.2,-1
2021-09-17 13:53:00,8.2,8.225,8.15,8.2,-1
2021-09-17 13:54:00,8.2,8.3,8.2,8.25,-1
2021-09-17 13:55:00,8.25,8.3,8.25,8.25,-1
2021-09-17 13:56:00,8.25,8.3,8.25,8.3,-1
2021-09-17 13:57:00,8.3,8.35,8.225,8.3,-1
2021-09-17 13:58:00,8.3,8.35,8.3,8.35,-1
2021-09-17 13:59:00,8.35,8.35,8.3,8.35,-1
2021-09-17 14:00:00,8.35,8.35,8.3,8.35,-1
2021-09-17 14:01:00,8.35,8.35,8.3,8.35,-1
2021-09-17 14:02:00,8.35,8.35,8.3,8.35,-1
2021-09-17 14:03:00,8.35,8.35,8.25,8.25,-1
2021-09-17 14:04:00,8.25,8.3,8.2,8.275,-1
2021-09-17 14:05:00,8.275,8.35,8.275,8.35,-1
2021-09-17 14:06:00,8.35,8.35,8.3,8.3,-1
2021-09-17 14:07:00,8.3,8.35,8.3,8.3,-1
2021-09-17 14:08:00,8.3,8.45,8.3,8.425,-1
2021-09-17 14:09:00,8.425,8.45,8.4,8.4,-1
2021-09-17 14:10:00,8.4,8.45,8.4,8.45,-1
2021-09-17 14:11:00,8.45,8.45,8.375,8.4,-1
2021-09-17 14:12:00,8.4,8.425,8.4,8.4,-1
2021-09-17 14:13:00,8.4,8.4,8.35,8.35,-1
2021-09-17 14:14:00,8.35,8.35,8.3,8.3,-1
2021-09-17 14:15:00,8.3,8.35,8.15,8.2,-1
2021-09-17 14:16:00,8.2,8.3,8.2,8.3,-1
2021-09-17 14:17:00,8.3,8.3,8.2,8.275,-1
2021-09-17 14:18:00,8.275,8.3,8.25,8.3,-1
2021-09-17 14:19:00,8.3,8.3,8.2,8.2,-1
2021-09-17 14:20:00,8.2,8.3,8.2,8.3,-1
2021-09-17 14:21:00,8.3,8.3,8.25,8.25,-1
2021-09-17 14:22:00,8.25,8.3,8.25,8.3,-1
2021-09-17 14:23:00,8.3,8.35,8.3,8.3,-1
2021-09-17 14:24:00,8.3,8.3,8.25,8.3,-1
2021-09-17 14:25:00,8.3,8.3,8.25,8.25,-1
2021-09-17 14:26:00,8.25,8.275,8.2,8.2,-1
2021-09-17 14:27:00,8.2,8.2,8.125,8.15,-1
2021-09-17 14:28:00,8.15,8.2,8.15,8.2,-1
2021-09-17 14:29:00,8.2,8.2,8.15,8.15,-1
2021-09-17 14:30:00,8.15,8.15,8.125,8.15,-1
2021-09-17 14:31:00,8.15,8.225,8.15,8.2,-1
2021-09-17 14:32:00,8.2,8.25,8.2,8.25,-1
2021-09-17 14:33:00,8.25,8.25,8.2,8.2,-1
2021-09-17 14:34:00,8.2,8.2,8.15,8.15,-1
2021-09-17 14:35:00,8.15,8.15,8.075,8.1,-1
2021-09-17 14:36:00,8.1,8.1,8.025,8.05,-1
2021-09-17 14:37:00,8.05,8.1,8.05,8.05,-1
2021-09-17 14:38:00,8.05,8.15,8.05,8.15,-1
2021-09-17 14:39:00,8.15,8.2,8.15,8.15,-1
2021-09-17 14:40:00,8.15,8.25,8.15,8.25,-1
2021-09-17 14:41:00,8.25,8.25,8.2,8.2,-1
2021-09-17 14:42:00,8.2,8.3,8.2,8.25,-1
2021-09-17 14:43:00,8.25,8.3,8.2,8.3,-1
2021-09-17 14:44:00,8.3,8.3,8.25,8.3,-1
2021-09-17 14:45:00,8.3,8.35,8.3,8.3,-1
2021-09-17 14:46:00,8.3,8.35,8.3,8.35,-1
2021-09-17 14:47:00,8.35,8.35,8.3,8.325,-1
2021-09-17 14:48:00,8.325,8.4,8.325,8.4,-1
2021-09-17 14:49:00,8.4,8.4,8.35,8.35,-1
2021-09-17 14:50:00,8.35,8.35,8.3,8.3,-1
2021-09-17 14:51:00,8.3,8.35,8.3,8.35,-1
2021-09-17 14:52:00,8.35,8.35,8.3,8.325,-1
2021-09-17 14:53:00,8.325,8.35,8.25,8.25,-1
2021-09-17 14:54:00,8.25,8.3,8.25,8.25,-1
2021-09-17 14:55:00,8.25,8.35,8.25,8.35,-1
2021-09-17 14:56:00,8.35,8.4,8.3,8.35,-1
2021-09-17 14:57:00,8.35,8.35,8.3,8.3,-1
2021-09-17 14:58:00,8.3,8.3,8.25,8.3,-1
2021-09-17 14:59:00,8.3,8.35,8.275,8.35,-1
2021-09-17 15:00:00,8.35,8.4,8.325,8.4,-1
2021-09-17 15:01:00,8.4,8.45,8.35,8.375,-1
2021-09-17 15:02:00,8.375,8.4,8.325,8.35,-1
2021-09-17 15:03:00,8.35,8.4,8.35,8.35,-1
2021-09-17 15:04:00,8.35,8.425,8.35,8.4,-1
2021-09-17 15:05:00,8.4,8.4,8.325,8.35,-1
2021-09-17 15:06:00,8.35,8.35,8.25,8.3,-1
2021-09-17 15:07:00,8.3,8.3,8.25,8.25,-1
2021-09-17 15:08:00,8.25,8.25,8.2,8.2,-1
2021-09-17 15:09:00,8.2,8.25,8.2,8.225,-1
2021-09-17 15:10:00,8.225,8.3,8.225,8.275,-1
2021-09-17 15:11:00,8.275,8.275,8.2,8.2,-1
2021-09-17 15:12:00,8.2,8.25,8.175,8.2,-1
2021-09-17 15:13:00,8.2,8.2,8.1,8.15,-1
2021-09-17 15:14:00,8.15,8.175,8.1,8.15,-1
2021-09-17 15:15:00,8.15,8.15,8.075,8.1,-1
2021-09-17 15:16:00,8.1,8.15,8.1,8.15,-1
2021-09-17 15:17:00,8.15,8.25,8.15,8.25,-1
2021-09-17 15:18:00,8.25,8.3,8.2,8.3,-1
2021-09-17 15:19:00,8.3,8.3,8.25,8.3,-1
2021-09-17 15:20:00,8.3,8.4,8.3,8.4,-1
2021-09-17 15:21:00,8.4,8.4,8.325,8.35,-1
2021-09-17 15:22:00,8.35,8.35,8.35,8.35,-1
2021-09-17 15:23:00,8.35,8.4,8.325,8.4,-1
2021-09-17 15:24:00,8.4,8.4,8.375,8.4,-1
2021-09-17 15:25:00,8.4,8.4,8.3,8.3,-1
2021-09-17 15:26:00,8.3,8.3,8.25,8.25,-1
2021-09-17 15:27:00,8.25,8.25,8.2,8.2,-1
2021-09-17 15:28:00,8.2,8.25,8.2,8.2,-1
2021-09-17 15:29:00,8.2,8.2,8.15,8.15,-1
2021-09-17 15:30:00,8.15,8.25,8.15,8.2,-1
2021-09-17 15:31:00,8.2,8.3,8.2,8.25,-1
2021-09-17 15:32:00,8.25,8.3,8.25,8.3,-1
2021-09-17 15:33:00,8.3,8.3,8.2,8.25,-1
2021-09-17 15:34:00,8.25,8.3,8.25,8.25,-1
2021-09-17 15:35:00,8.25,8.3,8.25,8.25,-1
2021-09-17 15:36:00,8.25,8.25,8.15,8.15,-1
2021-09-17 15:37:00,8.15,8.25,8.15,8.25,-1
2021-09-17 15:38:00,8.25,8.25,8.225,8.225,-1
2021-09-17 15:39:00,8.225,8.225,8.2,8.2,-1
2021-09-17 15:40:00,8.2,8.275,8.175,8.25,-1
2021-09-17 15:41:00,8.25,8.35,8.25,8.35,-1
2021-09-17 15:42:00,8.35,8.4,8.325,8.4,-1
2021-09-17 15:43:00,8.4,8.45,8.35,8.4,-1
2021-09-17 15:44:00,8.4,8.425,8.375,8.4,-1
2021-09-17 15:45:00,8.4,8.4,8.25,8.25,-1
2021-09-17 15:46:00,8.25,8.25,8.15,8.2,-1
2021-09-17 15:47:00,8.2,8.25,8.15,8.2,-1
2021-09-17 15:48:00,8.2,8.25,8.2,8.25,-1
2021-09-17 15:49:00,8.25,8.3,8.025,8.225,-1
2021-09-17 15:50:00,8.225,9.325,7.25,8.25,-1
2021-09-17 15:51:00,8.25,8.25,8.125,8.175,-1
2021-09-17 15:52:00,8.175,8.35,7.95,8.125,-1
2021-09-17 15:53:00,8.125,8.3,8.125,8.225,-1
2021-09-17 15:54:00,8.225,9.3,8.175,8.325,-1
2021-09-17 15:55:00,8.325,8.475,8.125,8.275,-1
2021-09-17 15:56:00,8.275,8.325,8.25,8.275,-1
2021-09-17 15:57:00,8.275,8.275,8.225,8.275,-1
2021-09-17 15:58:00,8.275,8.425,8.275,8.325,-1
2021-09-17 15:59:00,8.325,8.35,8.1,8.225,-1
2021-09-20 09:30:00,6.575,7.375,5.8,6.65,-1
2021-09-20 09:31:00,6.65,7.5,6.2,7.1,-1
2021-09-20 09:32:00,7.1,7.95,6.75,7.5,-1
2021-09-20 09:33:00,7.5,7.625,7.2,7.35,-1
2021-09-20 09:34:00,7.35,7.425,6.95,7.15,-1
2021-09-20 09:35:00,7.15,7.4,7.15,7.3,-1
2021-09-20 09:36:00,7.3,7.35,7.0,7.125,-1
2021-09-20 09:37:00,7.125,7.125,6.875,7.075,-1
2021-09-20 09:38:00,7.075,7.275,6.75,7.175,-1
2021-09-20 09:39:00,7.175,7.525,7.0,7.325,-1
2021-09-20 09:40:00,7.325,7.55,7.075,7.3,-1
2021-09-20 09:41:00,7.3,7.375,7.175,7.25,-1
2021-09-20 09:42:00,7.25,7.275,7.125,7.125,-1
2021-09-20 09:43:00,7.125,7.225,7.075,7.075,-1
2021-09-20 09:44:00,7.075,7.275,7.075,7.225,-1
2021-09-20 09:45:00,7.225,7.325,7.175,7.175,-1
2021-09-20 09:46:00,7.175,7.175,6.975,6.975,-1
2021-09-20 09:47:00,6.975,7.05,6.925,6.975,-1
2021-09-20 09:48:00,6.975,7.075,6.75,6.75,-1
2021-09-20 09:49:00,6.75,6.825,6.725,6.825,-1
2021-09-20 09:50:00,6.825,6.875,6.725,6.775,-1
2021-09-20 09:51:00,6.775,6.825,6.725,6.8,-1
2021-09-20 09:52:00,6.8,6.85,6.675,6.725,-1
2021-09-20 09:53:00,6.725,6.725,6.525,6.625,-1
2021-09-20 09:54:00,6.625,6.75,6.625,6.675,-1
2021-09-20 09:55:00,6.675,6.675,6.475,6.525,-1
2021-09-20 09:56:00,6.525,6.575,6.375,6.375,-1
2021-09-20 09:57:00,6.375,6.5,6.375,6.475,-1
2021-09-20 09:58:00,6.475,6.775,6.425,6.725,-1
2021-09-20 09:59:00,6.725,6.725,6.625,6.65,-1
2021-09-20 10:00:00,6.65,6.75,6.6,6.675,-1
2021-09-20 10:01:00,6.675,6.725,6.575,6.675,-1
2021-09-20 10:02:00,6.675,6.675,6.575,6.65,-1
2021-09-20 10:03:00,6.65,6.825,6.575,6.6,-1
2021-09-20 10:04:00,6.6,6.675,6.35,6.5,-1
2021-09-20 10:05:00,6.5,6.6,6.2,6.575,-1
2021-09-20 10:06:00,6.575,6.575,6.325,6.325,-1
2021-09-20 10:07:00,6.325,6.625,6.25,6.275,-1
2021-09-20 10:08:00,6.275,6.3,6.175,6.225,-1
2021-09-20 10:09:00,6.225,6.3,6.2,6.275,-1
2021-09-20 10:10:00,6.275,6.3,6.225,6.225,-1
2021-09-20 10:11:00,6.225,6.25,6.175,6.175,-1
2021-09-20 10:12:00,6.175,6.4,6.175,6.2,-1
2021-09-20 10:13:00,6.2,6.3,6.2,6.2,-1
2021-09-20 10:14:00,6.2,6.35,6.2,6.35,-1
2021-09-20 10:15:00,6.35,6.35,6.2,6.275,-1
2021-09-20 10:16:00,6.275,6.275,6.075,6.1,-1
2021-09-20 10:17:00,6.1,6.1,6.025,6.075,-1
2021-09-20 10:18:00,6.075,6.1,6.025,6.05,-1
2021-09-20 10:19:00,6.05,6.05,6.0,6.05,-1
2021-09-20 10:20:00,6.05,6.1,5.875,5.95,-1
2021-09-20 10:21:00,5.95,6.0,5.925,5.975,-1
2021-09-20 10:22:00,5.975,6.0,5.85,5.875,-1
2021-09-20 10:23:00,5.875,5.95,5.85,5.925,-1
2021-09-20 10:24:00,5.925,5.95,5.85,5.925,-1
2021-09-20 10:25:00,5.925,5.95,5.85,5.9,-1
2021-09-20 10:26:00,5.9,6.025,5.875,5.95,-1
2021-09-20 10:27:00,5.95,6.125,5.9,6.125,-1
2021-09-20 10:28:00,6.125,6.15,6.05,6.1,-1
2021-09-20 10:29:00,6.1,6.15,6.05,6.125,-1
2021-09-20 10:30:00,6.125,6.15,6.05,6.1,-1
2021-09-20 10:31:00,6.1,6.1,6.0,6.05,-1
2021-09-20 10:32:00,6.05,6.05,5.95,6.025,-1
2021-09-20 10:33:00,6.025,6.1,6.0,6.025,-1
2021-09-20 10:34:00,6.025,6.1,6.0,6.1,-1
2021-09-20 10:35:00,6.1,6.2,6.05,6.2,-1
2021-09-20 10:36:00,6.2,6.2,6.1,6.1,-1
2021-09-20 10:37:00,6.1,6.175,6.1,6.15,-1
2021-09-20 10:38:00,6.15,6.175,6.1,6.1,-1
2021-09-20 10:39:00,6.1,6.175,6.1,6.175,-1
2021-09-20 10:40:00,6.175,6.175,6.05,6.05,-1
2021-09-20 10:41:00,6.05,6.1,5.95,5.975,-1
2021-09-20 10:42:00,5.975,6.0,5.95,6.0,-1
2021-09-20 10:43:00,6.0,6.05,5.925,5.925,-1
2021-09-20 10:44:00,5.925,5.95,5.9,5.925,-1
2021-09-20 10:45:00,5.925,6.0,5.9,5.95,-1
2021-09-20 10:46:00,5.95,5.95,5.9,5.9,-1
2021-09-20 10:47:00,5.9,5.95,5.85,5.925,-1
2021-09-20 10:48:00,5.925,6.1,5.925,6.05,-1
2021-09-20 10:49:00,6.05,6.1,6.0,6.05,-1
2021-09-20 10:50:00,6.05,6.05,6.0,6.05,-1
2021-09-20 10:51:00,6.05,6.05,6.0,6.05,-1
2021-09-20 10:52:00,6.05,6.075,6.0,6.0,-1
2021-09-20 10:53:00,6.0,6.1,6.0,6.1,-1
2021-09-20 10:54:00,6.1,6.15,6.05,6.125,-1
2021-09-20 10:55:00,6.125,6.125,6.05,6.05,-1
2021-09-20 10:56:00,6.05,6.05,5.95,5.95,-1
2021-09-20 10:57:00,5.95,5.95,5.9,5.95,-1
2021-09-20 10:58:00,5.95,6.025,5.95,6.0,-1
2021-09-20 10:59:00,6.0,6.05,6.0,6.0,-1
2021-09-20 11:00:00,6.0,6.05,5.95,5.95,-1
2021-09-20 11:01:00,5.95,6.0,5.9,5.9,-1
2021-09-20 11:02:00,5.9,5.95,5.9,5.9,-1
2021-09-20 11:03:00,5.9,5.95,5.875,5.95,-1
2021-09-20 11:04:00,5.95,6.075,5.9,6.05,-1
2021-09-20 11:05:00,6.05,6.175,6.025,6.1,-1
2021-09-20 11:06:00,6.1,6.1,6.05,6.1,-1
2021-09-20 11:07:00,6.1,6.15,6.1,6.15,-1
2021-09-20 11:08:00,6.15,6.2,6.125,6.2,-1
2021-09-20 11:09:00,6.2,6.2,6.15,6.15,-1
2021-09-20 11:10:00,6.15,6.15,6.15,6.15,-1
2021-09-20 11:11:00,6.15,6.2,6.15,6.15,-1
2021-09-20 11:12:00,6.15,6.3,6.15,6.3,-1
2021-09-20 11:13:00,6.3,6.375,6.3,6.3,-1
2021-09-20 11:14:00,6.3,6.35,6.3,6.35,-1
2021-09-20 11:15:00,6.35,6.35,6.25,6.3,-1
2021-09-20 11:16:00,6.3,6.325,6.25,6.3,-1
2021-09-20 11:17:00,6.3,6.35,6.3,6.3,-1
2021-09-20 11:18:00,6.3,6.35,6.25,6.3,-1
2021-09-20 11:19:00,6.3,6.3,6.25,6.3,-1
2021-09-20 11:20:00,6.3,6.35,6.3,6.3,-1
2021-09-20 11:21:00,6.3,6.35,6.25,6.25,-1
2021-09-20 11:22:00,6.25,6.25,6.2,6.2,-1
2021-09-20 11:23:00,6.2,6.25,6.175,6.175,-1
2021-09-20 11:24:00,6.175,6.2,6.15,6.2,-1
2021-09-20 11:25:00,6.2,6.25,6.2,6.2,-1
2021-09-20 11:26:00,6.2,6.2,6.15,6.15,-1
2021-09-20 11:27:00,6.15,6.175,6.1,6.15,-1
2021-09-20 11:28:00,6.15,6.15,6.05,6.1,-1
2021-09-20 11:29:00,6.1,6.175,6.05,6.175,-1
2021-09-20 11:30:00,6.175,6.225,6.1,6.1,-1
2021-09-20 11:31:00,6.1,6.15,6.05,6.1,-1
2021-09-20 11:32:00,6.1,6.125,6.075,6.1,-1
2021-09-20 11:33:00,6.1,6.1,6.05,6.05,-1
2021-09-20 11:34:00,6.05,6.1,6.05,6.1,-1
2021-09-20 11:35:00,6.1,6.1,6.025,6.05,-1
2021-09-20 11:36:00,6.05,6.05,6.0,6.0,-1
2021-09-20 11:37:00,6.0,6.025,6.0,6.0,-1
2021-09-20 11:38:00,6.0,6.05,6.0,6.05,-1
2021-09-20 11:39:00,6.05,6.05,6.0,6.05,-1
2021-09-20 11:40:00,6.05,6.05,5.975,6.0,-1
2021-09-20 11:41:00,6.0,6.0,5.9,5.95,-1
2021-09-20 11:42:00,5.95,6.0,5.95,5.95,-1
2021-09-20 11:43:00,5.95,6.05,5.95,6.0,-1
2021-09-20 11:44:00,6.0,6.0,6.0,6.0,-1
2021-09-20 11:45:00,6.0,6.05,6.0,6.05,-1
2021-09-20 11:46:00,6.05,6.05,6.0,6.0,-1
2021-09-20 11:47:00,6.0,6.0,5.95,5.95,-1
2021-09-20 11:48:00,5.95,6.05,5.95,6.05,-1
2021-09-20 11:49:00,6.05,6.05,5.95,5.95,-1
2021-09-20 11:50:00,5.95,6.0,5.9,5.9,-1
2021-09-20 11:51:00,5.9,5.9,5.875,5.9,-1
2021-09-20 11:52:00,5.9,5.9,5.825,5.85,-1
2021-09-20 11:53:00,5.85,5.9,5.775,5.9,-1
2021-09-20 11:54:00,5.9,5.9,5.9,5.9,-1
2021-09-20 11:55:00,5.9,5.9,5.85,5.85,-1
2021-09-20 11:56:00,5.85,5.85,5.85,5.85,-1
2021-09-20 11:57:00,5.85,5.9,5.825,5.85,-1
2021-09-20 11:58:00,5.85,5.85,5.85,5.85,-1
2021-09-20 11:59:00,5.85,5.85,5.85,5.85,-1
2021-09-20 12:00:00,5.85,5.875,5.85,5.85,-1
2021-09-20 12:01:00,5.85,5.85,5.85,5.85,-1
2021-09-20 12:02:00,5.85,5.9,5.85,5.9,-1
2021-09-20 12:03:00,5.9,5.9,5.85,5.85,-1
2021-09-20 12:04:00,5.85,5.85,5.85,5.85,-1
2021-09-20 12:05:00,5.85,5.9,5.85,5.85,-1
2021-09-20 12:06:00,5.85,5.9,5.85,5.85,-1
2021-09-20 12:07:00,5.85,5.9,5.85,5.85,-1
2021-09-20 12:08:00,5.85,5.9,5.85,5.85,-1
2021-09-20 12:09:00,5.85,5.875,5.85,5.85,-1
2021-09-20 12:10:00,5.85,5.875,5.75,5.85,-1
2021-09-20 12:11:00,5.85,6.025,5.85,6.0,-1
2021-09-20 12:12:00,6.0,6.0,5.925,5.95,-1
2021-09-20 12:13:00,5.95,5.95,5.95,5.95,-1
2021-09-20 12:14:00,5.95,5.95,5.9,5.9,-1
2021-09-20 12:15:00,5.9,5.95,5.9,5.9,-1
2021-09-20 12:16:00,5.9,5.9,5.8,5.875,-1
2021-09-20 12:17:00,5.875,5.9,5.85,5.9,-1
2021-09-20 12:18:00,5.9,5.9,5.85,5.85,-1
2021-09-20 12:19:00,5.85,5.85,5.8,5.8,-1
2021-09-20 12:20:00,5.8,5.85,5.75,5.75,-1
2021-09-20 12:21:00,5.75,5.75,5.65,5.7,-1
2021-09-20 12:22:00,5.7,5.75,5.7,5.75,-1
2021-09-20 12:23:00,5.75,5.75,5.7,5.75,-1
2021-09-20 12:24:00,5.75,5.8,5.75,5.75,-1
2021-09-20 12:25:00,5.75,5.85,5.75,5.85,-1
2021-09-20 12:26:00,5.85,5.9,5.8,5.85,-1
2021-09-20 12:27:00,5.85,5.9,5.85,5.9,-1
2021-09-20 12:28:00,5.9,5.9,5.85,5.85,-1
2021-09-20 12:29:00,5.85,5.9,5.85,5.9,-1
2021-09-20 12:30:00,5.9,5.9,5.8,5.8,-1
2021-09-20 12:31:00,5.8,5.8,5.8,5.8,-1
2021-09-20 12:32:00,5.8,5.85,5.8,5.85,-1
2021-09-20 12:33:00,5.85,5.85,5.8,5.8,-1
2021-09-20 12:34:00,5.8,5.8,5.75,5.75,-1
2021-09-20 12:35:00,5.75,5.8,5.75,5.75,-1
2021-09-20 12:36:00,5.75,5.8,5.75,5.75,-1
2021-09-20 12:37:00,5.75,5.8,5.75,5.8,-1
2021-09-20 12:38:00,5.8,5.8,5.75,5.8,-1
2021-09-20 12:39:00,5.8,5.8,5.7,5.75,-1
2021-09-20 12:40:00,5.75,5.75,5.7,5.7,-1
2021-09-20 12:41:00,5.7,5.75,5.7,5.7,-1
2021-09-20 12:42:00,5.7,5.7,5.7,5.7,-1
2021-09-20 12:43:00,5.7,5.75,5.7,5.75,-1
2021-09-20 12:44:00,5.75,5.75,5.7,5.75,-1
2021-09-20 12:45:00,5.75,5.75,5.7,5.7,-1
2021-09-20 12:46:00,5.7,5.825,5.7,5.825,-1
2021-09-20 12:47:00,5.825,5.9,5.8,5.85,-1
2021-09-20 12:48:00,5.85,5.9,5.85,5.85,-1
2021-09-20 12:49:00,5.85,5.85,5.85,5.85,-1
2021-09-20 12:50:00,5.85,5.9,5.85,5.85,-1
2021-09-20 12:51:00,5.85,5.9,5.85,5.9,-1
2021-09-20 12:52:00,5.9,5.9,5.85,5.85,-1
2021-09-20 12:53:00,5.85,5.9,5.85,5.85,-1
2021-09-20 12:54:00,5.85,5.9,5.85,5.875,-1
2021-09-20 12:55:00,5.875,5.9,5.85,5.85,-1
2021-09-20 12:56:00,5.85,5.9,5.825,5.9,-1
2021-09-20 12:57:00,5.9,5.9,5.85,5.9,-1
2021-09-20 12:58:00,5.9,5.9,5.75,5.8,-1
2021-09-20 12:59:00,5.8,5.8,5.75,5.75,-1
2021-09-20 13:00:00,5.75,5.85,5.75,5.85,-1
2021-09-20 13:01:00,5.85,5.85,5.8,5.8,-1
2021-09-20 13:02:00,5.8,5.825,5.8,5.8,-1
2021-09-20 13:03:00,5.8,5.8,5.75,5.75,-1
2021-09-20 13:04:00,5.75,5.8,5.75,5.75,-1
2021-09-20 13:05:00,5.75,5.8,5.7,5.7,-1
2021-09-20 13:06:00,5.7,5.75,5.7,5.75,-1
2021-09-20 13:07:00,5.75,5.75,5.7,5.75,-1
2021-09-20 13:08:00,5.75,5.75,5.575,5.6,-1
2021-09-20 13:09:00,5.6,5.65,5.6,5.6,-1
2021-09-20 13:10:00,5.6,5.7,5.6,5.7,-1
2021-09-20 13:11:00,5.7,5.75,5.65,5.7,-1
2021-09-20 13:12:00,5.7,5.75,5.7,5.7,-1
2021-09-20 13:13:00,5.7,5.7,5.675,5.675,-1
2021-09-20 13:14:00,5.675,5.75,5.65,5.7,-1
2021-09-20 13:15:00,5.7,5.75,5.7,5.7,-1
2021-09-20 13:16:00,5.7,5.75,5.7,5.75,-1
2021-09-20 13:17:00,5.75,5.8,5.725,5.75,-1
2021-09-20 13:18:00,5.75,5.75,5.7,5.75,-1
2021-09-20 13:19:00,5.75,5.8,5.75,5.8,-1
2021-09-20 13:20:00,5.8,5.8,5.75,5.8,-1
2021-09-20 13:21:00,5.8,5.8,5.75,5.75,-1
2021-09-20 13:22:00,5.75,5.8,5.7,5.8,-1
2021-09-20 13:23:00,5.8,5.8,5.75,5.75,-1
2021-09-20 13:24:00,5.75,5.75,5.7,5.7,-1
2021-09-20 13:25:00,5.7,5.75,5.7,5.75,-1
2021-09-20 13:26:00,5.75,5.775,5.75,5.75,-1
2021-09-20 13:27:00,5.75,5.825,5.75,5.8,-1
2021-09-20 13:28:00,5.8,5.85,5.8,5.85,-1
2021-09-20 13:29:00,5.85,5.9,5.85,5.85,-1
2021-09-20 13:30:00,5.85,5.85,5.8,5.825,-1
2021-09-20 13:31:00,5.825,5.85,5.8,5.85,-1
2021-09-20 13:32:00,5.85,5.85,5.8,5.825,-1
2021-09-20 13:33:00,5.825,5.9,5.8,5.9,-1
2021-09-20 13:34:00,5.9,5.9,5.85,5.85,-1
2021-09-20 13:35:00,5.85,5.95,5.85,5.9,-1
2021-09-20 13:36:00,5.9,5.925,5.9,5.9,-1
2021-09-20 13:37:00,5.9,5.95,5.9,5.95,-1
2021-09-20 13:38:00,5.95,6.0,5.95,6.0,-1
2021-09-20 13:39:00,6.0,6.0,5.95,6.0,-1
2021-09-20 13:40:00,6.0,6.0,5.95,5.95,-1
2021-09-20 13:41:00,5.95,5.95,5.9,5.9,-1
2021-09-20 13:42:00,5.9,5.95,5.9,5.9,-1
2021-09-20 13:43:00,5.9,5.95,5.9,5.9,-1
2021-09-20 13:44:00,5.9,5.925,5.85,5.85,-1
2021-09-20 13:45:00,5.85,5.9,5.85,5.85,-1
2021-09-20 13:46:00,5.85,5.9,5.825,5.85,-1
2021-09-20 13:47:00,5.85,5.9,5.85,5.9,-1
2021-09-20 13:48:00,5.9,5.95,5.9,5.9,-1
2021-09-20 13:49:00,5.9,5.95,5.875,5.9,-1
2021-09-20 13:50:00,5.9,5.95,5.9,5.95,-1
2021-09-20 13:51:00,5.95,5.95,5.9,5.9,-1
2021-09-20 13:52:00,5.9,5.925,5.9,5.9,-1
2021-09-20 13:53:00,5.9,5.95,5.9,5.925,-1
2021-09-20 13:54:00,5.925,5.95,5.875,5.9,-1
2021-09-20 13:55:00,5.9,5.925,5.875,5.925,-1
2021-09-20 13:56:00,5.925,5.95,5.9,5.95,-1
2021-09-20 13:57:00,5.95,5.95,5.85,5.85,-1
2021-09-20 13:58:00,5.85,5.9,5.825,5.85,-1
2021-09-20 13:59:00,5.85,5.9,5.85,5.85,-1
2021-09-20 14:00:00,5.85,5.9,5.8,5.8,-1
2021-09-20 14:01:00,5.8,5.85,5.8,5.825,-1
2021-09-20 14:02:00,5.825,5.9,5.825,5.85,-1
2021-09-20 14:03:00,5.85,5.85,5.85,5.85,-1
2021-09-20 14:04:00,5.85,5.85,5.8,5.85,-1
2021-09-20 14:05:00,5.85,5.85,5.8,5.8,-1
2021-09-20 14:06:00,5.8,5.85,5.8,5.8,-1
2021-09-20 14:07:00,5.8,5.8,5.7,5.725,-1
2021-09-20 14:08:00,5.725,5.75,5.675,5.7,-1
2021-09-20 14:09:00,5.7,5.7,5.65,5.675,-1
2021-09-20 14:10:00,5.675,5.75,5.65,5.65,-1
2021-09-20 14:11:00,5.65,5.7,5.65,5.65,-1
2021-09-20 14:12:00,5.65,5.7,5.625,5.65,-1
2021-09-20 14:13:00,5.65,5.65,5.6,5.65,-1
2021-09-20 14:14:00,5.65,5.65,5.6,5.6,-1
2021-09-20 14:15:00,5.6,5.625,5.6,5.6,-1
2021-09-20 14:16:00,5.6,5.65,5.575,5.6,-1
2021-09-20 14:17:00,5.6,5.625,5.6,5.6,-1
2021-09-20 14:18:00,5.6,5.625,5.6,5.6,-1
2021-09-20 14:19:00,5.6,5.65,5.6,5.6,-1
2021-09-20 14:20:00,5.6,5.65,5.6,5.6,-1
2021-09-20 14:21:00,5.6,5.6,5.55,5.55,-1
2021-09-20 14:22:00,5.55,5.55,5.55,5.55,-1
2021-09-20 14:23:00,5.55,5.55,5.5,5.5,-1
2021-09-20 14:24:00,5.5,5.525,5.45,5.5,-1
2021-09-20 14:25:00,5.5,5.55,5.5,5.55,-1
2021-09-20 14:26:00,5.55,5.55,5.5,5.5,-1
2021-09-20 14:27:00,5.5,5.5,5.475,5.5,-1
2021-09-20 14:28:00,5.5,5.5,5.45,5.475,-1
2021-09-20 14:29:00,5.475,5.5,5.4,5.425,-1
2021-09-20 14:30:00,5.425,5.5,5.425,5.5,-1
2021-09-20 14:31:00,5.5,5.5,5.4,5.45,-1
2021-09-20 14:32:00,5.45,5.45,5.4,5.4,-1
2021-09-20 14:33:00,5.4,5.45,5.4,5.45,-1
2021-09-20 14:34:00,5.45,5.45,5.4,5.45,-1
2021-09-20 14:35:00,5.45,5.45,5.4,5.4,-1
2021-09-20 14:36:00,5.4,5.4,5.25,5.3,-1
2021-09-20 14:37:00,5.3,5.35,5.3,5.3,-1
2021-09-20 14:38:00,5.3,5.35,5.3,5.35,-1
2021-09-20 14:39:00,5.35,5.4,5.35,5.35,-1
2021-09-20 14:40:00,5.35,5.475,5.35,5.45,-1
2021-09-20 14:41:00,5.45,5.45,5.4,5.45,-1
2021-09-20 14:42:00,5.45,5.45,5.4,5.45,-1
2021-09-20 14:43:00,5.45,5.45,5.4,5.45,-1
2021-09-20 14:44:00,5.45,5.45,5.35,5.4,-1
2021-09-20 14:45:00,5.4,5.45,5.4,5.45,-1
2021-09-20 14:46:00,5.45,5.55,5.4,5.55,-1
2021-09-20 14:47:00,5.55,5.6,5.5,5.55,-1
2021-09-20 14:48:00,5.55,5.55,5.45,5.45,-1
2021-09-20 14:49:00,5.45,5.5,5.4,5.4,-1
2021-09-20 14:50:00,5.4,5.45,5.4,5.4,-1
2021-09-20 14:51:00,5.4,5.45,5.4,5.45,-1
2021-09-20 14:52:00,5.45,5.5,5.45,5.45,-1
2021-09-20 14:53:00,5.45,5.5,5.4,5.4,-1
2021-09-20 14:54:00,5.4,5.45,5.325,5.35,-1
2021-09-20 14:55:00,5.35,5.4,5.35,5.35,-1
2021-09-20 14:56:00,5.35,5.35,5.25,5.3,-1
2021-09-20 14:57:00,5.3,5.5,5.3,5.5,-1
2021-09-20 14:58:00,5.5,5.5,5.4,5.45,-1
2021-09-20 14:59:00,5.45,5.5,5.4,5.4,-1
2021-09-20 15:00:00,5.4,5.55,5.4,5.5,-1
2021-09-20 15:01:00,5.5,5.55,5.5,5.5,-1
2021-09-20 15:02:00,5.5,5.55,5.5,5.5,-1
2021-09-20 15:03:00,5.5,5.55,5.475,5.5,-1
2021-09-20 15:04:00,5.5,5.55,5.5,5.55,-1
2021-09-20 15:05:00,5.55,5.55,5.45,5.45,-1
2021-09-20 15:06:00,5.45,5.45,5.35,5.4,-1
2021-09-20 15:07:00,5.4,5.4,5.35,5.35,-1
2021-09-20 15:08:00,5.35,5.4,5.325,5.35,-1
2021-09-20 15:09:00,5.35,5.4,5.35,5.4,-1
2021-09-20 15:10:00,5.4,5.5,5.4,5.5,-1
2021-09-20 15:11:00,5.5,5.5,5.45,5.45,-1
2021-09-20 15:12:00,5.45,5.45,5.35,5.4,-1
2021-09-20 15:13:00,5.4,5.45,5.4,5.4,-1
2021-09-20 15:14:00,5.4,5.4,5.4,5.4,-1
2021-09-20 15:15:00,5.4,5.5,5.4,5.4,-1
2021-09-20 15:16:00,5.4,5.45,5.4,5.4,-1
2021-09-20 15:17:00,5.4,5.45,5.35,5.4,-1
2021-09-20 15:18:00,5.4,5.4,5.375,5.4,-1
2021-09-20 15:19:00,5.4,5.45,5.4,5.4,-1
2021-09-20 15:20:00,5.4,5.55,5.4,5.55,-1
2021-09-20 15:21:00,5.55,5.55,5.525,5.55,-1
2021-09-20 15:22:00,5.55,5.55,5.5,5.55,-1
2021-09-20 15:23:00,5.55,5.55,5.5,5.55,-1
2021-09-20 15:24:00,5.55,5.6,5.55,5.6,-1
2021-09-20 15:25:00,5.6,5.6,5.55,5.6,-1
2021-09-20 15:26:00,5.6,5.65,5.55,5.65,-1
2021-09-20 15:27:00,5.65,5.65,5.6,5.65,-1
2021-09-20 15:28:00,5.65,5.7,5.65,5.7,-1
2021-09-20 15:29:00,5.7,5.7,5.65,5.7,-1
2021-09-20 15:30:00,5.7,5.8,5.7,5.7,-1
2021-09-20 15:31:00,5.7,5.8,5.7,5.75,-1
2021-09-20 15:32:00,5.75,5.85,5.75,5.8,-1
2021-09-20 15:33:00,5.8,5.85,5.8,5.85,-1
2021-09-20 15:34:00,5.85,5.85,5.65,5.775,-1
2021-09-20 15:35:00,5.775,5.85,5.75,5.8,-1
2021-09-20 15:36:00,5.8,5.85,5.8,5.85,-1
2021-09-20 15:37:00,5.85,5.9,5.8,5.9,-1
2021-09-20 15:38:00,5.9,5.9,5.8,5.8,-1
2021-09-20 15:39:00,5.8,5.85,5.75,5.75,-1
2021-09-20 15:40:00,5.75,5.85,5.75,5.85,-1
2021-09-20 15:41:00,5.85,5.85,5.775,5.85,-1
2021-09-20 15:42:00,5.85,5.9,5.825,5.85,-1
2021-09-20 15:43:00,5.85,5.9,5.85,5.9,-1
2021-09-20 15:44:00,5.9,5.9,5.85,5.85,-1
2021-09-20 15:45:00,5.85,5.85,5.75,5.8,-1
2021-09-20 15:46:00,5.8,5.85,5.75,5.75,-1
2021-09-20 15:47:00,5.75,5.85,5.75,5.85,-1
2021-09-20 15:48:00,5.85,5.85,5.75,5.8,-1
2021-09-20 15:49:00,5.8,5.8,5.75,5.775,-1
2021-09-20 15:50:00,5.775,5.95,5.775,5.9,-1
2021-09-20 15:51:00,5.9,6.0,5.9,6.0,-1
2021-09-20 15:52:00,6.0,6.05,5.925,6.05,-1
2021-09-20 15:53:00,6.05,6.05,5.95,6.0,-1
2021-09-20 15:54:00,6.0,6.075,5.275,5.925,-1
2021-09-20 15:55:00,5.925,6.075,5.925,6.0,-1
2021-09-20 15:56:00,6.0,6.125,6.0,6.05,-1
2021-09-20 15:57:00,6.05,6.15,6.025,6.125,-1
2021-09-20 15:58:00,6.125,6.2,6.05,6.2,-1
2021-09-20 15:59:00,6.2,6.275,6.125,6.175,-1
2021-09-21 09:30:00,6.725,7.275,5.825,6.425,-1
2021-09-21 09:31:00,6.425,6.475,6.25,6.35,-1
2021-09-21 09:32:00,6.35,6.5,6.225,6.325,-1
2021-09-21 09:33:00,6.325,6.325,6.175,6.2,-1
2021-09-21 09:34:00,6.2,6.325,6.15,6.275,-1
2021-09-21 09:35:00,6.275,6.5,6.25,6.4,-1
2021-09-21 09:36:00,6.4,6.625,6.375,6.45,-1
2021-09-21 09:37:00,6.45,6.525,6.075,6.425,-1
2021-09-21 09:38:00,6.425,6.675,6.425,6.65,-1
2021-09-21 09:39:00,6.65,6.675,6.575,6.575,-1
2021-09-21 09:40:00,6.575,6.65,6.55,6.6,-1
2021-09-21 09:41:00,6.6,6.6,6.45,6.45,-1
2021-09-21 09:42:00,6.45,6.5,6.4,6.4,-1
2021-09-21 09:43:00,6.4,6.45,6.4,6.45,-1
2021-09-21 09:44:00,6.45,6.55,6.45,6.55,-1
2021-09-21 09:45:00,6.55,6.85,6.55,6.8,-1
2021-09-21 09:46:00,6.8,6.85,6.725,6.75,-1
2021-09-21 09:47:00,6.75,6.9,6.725,6.85,-1
2021-09-21 09:48:00,6.85,7.0,6.85,6.95,-1
2021-09-21 09:49:00,6.95,6.95,6.875,6.95,-1
2021-09-21 09:50:00,6.95,7.0,6.875,6.9,-1
2021-09-21 09:51:00,6.9,6.9,6.8,6.85,-1
2021-09-21 09:52:00,6.85,6.925,6.85,6.875,-1
2021-09-21 09:53:00,6.875,7.0,6.875,6.95,-1
2021-09-21 09:54:00,6.95,6.95,6.85,6.9,-1
2021-09-21 09:55:00,6.9,7.075,6.9,7.0,-1
2021-09-21 09:56:00,7.0,7.0,6.825,6.85,-1
2021-09-21 09:57:00,6.85,6.9,6.75,6.8,-1
2021-09-21 09:58:00,6.8,6.9,6.7,6.75,-1
2021-09-21 09:59:00,6.75,6.75,6.65,6.7,-1
2021-09-21 10:00:00,6.7,6.8,6.7,6.7,-1
2021-09-21 10:01:00,6.7,6.7,6.6,6.65,-1
2021-09-21 10:02:00,6.65,6.75,6.625,6.7,-1
2021-09-21 10:03:00,6.7,6.75,6.625,6.65,-1
2021-09-21 10:04:00,6.65,6.75,6.65,6.75,-1
2021-09-21 10:05:00,6.75,6.85,6.575,6.7,-1
2021-09-21 10:06:00,6.7,6.7,6.375,6.375,-1
2021-09-21 10:07:00,6.375,6.5,6.375,6.45,-1
2021-09-21 10:08:00,6.45,6.5,6.4,6.45,-1
2021-09-21 10:09:00,6.45,6.45,6.3,6.35,-1
2021-09-21 10:10:00,6.35,6.45,6.35,6.45,-1
2021-09-21 10:11:00,6.45,6.45,6.3,6.3,-1
2021-09-21 10:12:00,6.3,6.35,6.225,6.25,-1
2021-09-21 10:13:00,6.25,6.35,6.175,6.3,-1
2021-09-21 10:14:00,6.3,6.45,6.3,6.4,-1
2021-09-21 10:15:00,6.4,6.5,6.4,6.4,-1
2021-09-21 10:16:00,6.4,6.425,6.3,6.3,-1
2021-09-21 10:17:00,6.3,6.35,6.25,6.3,-1
2021-09-21 10:18:00,6.3,6.4,6.3,6.4,-1
2021-09-21 10:19:00,6.4,6.55,6.4,6.55,-1
2021-09-21 10:20:00,6.55,6.6,6.45,6.5,-1
2021-09-21 10:21:00,6.5,6.5,6.4,6.45,-1
2021-09-21 10:22:00,6.45,6.45,6.35,6.4,-1
2021-09-21 10:23:00,6.4,6.4,6.275,6.3,-1
2021-09-21 10:24:00,6.3,6.35,6.3,6.35,-1
2021-09-21 10:25:00,6.35,6.425,6.3,6.4,-1
2021-09-21 10:26:00,6.4,6.4,6.35,6.4,-1
2021-09-21 10:27:00,6.4,6.4,6.25,6.3,-1
2021-09-21 10:28:00,6.3,6.35,6.25,6.35,-1
2021-09-21 10:29:00,6.35,6.5,6.35,6.5,-1
2021-09-21 10:30:00,6.5,6.55,6.45,6.5,-1
2021-09-21 10:31:00,6.5,6.525,6.4,6.45,-1
2021-09-21 10:32:00,6.45,6.5,6.4,6.45,-1
2021-09-21 10:33:00,6.45,6.5,6.4,6.45,-1
2021-09-21 10:34:00,6.45,6.45,6.375,6.4,-1
2021-09-21 10:35:00,6.4,6.45,6.35,6.4,-1
2021-09-21 10:36:00,6.4,6.4,6.35,6.4,-1
2021-09-21 10:37:00,6.4,6.45,6.325,6.325,-1
2021-09-21 10:38:00,6.325,6.35,6.2,6.25,-1
2021-09-21 10:39:00,6.25,6.4,6.2,6.4,-1
2021-09-21 10:40:00,6.4,6.45,6.3,6.35,-1
2021-09-21 10:41:00,6.35,6.375,6.3,6.3,-1
2021-09-21 10:42:00,6.3,6.4,6.275,6.4,-1
2021-09-21 10:43:00,6.4,6.45,6.375,6.4,-1
2021-09-21 10:44:00,6.4,6.45,6.35,6.35,-1
2021-09-21 10:45:00,6.35,6.45,6.25,6.25,-1
2021-09-21 10:46:00,6.25,6.275,6.15,6.25,-1
2021-09-21 10:47:00,6.25,6.3,6.15,6.15,-1
2021-09-21 10:48:00,6.15,6.175,6.05,6.05,-1
2021-09-21 10:49:00,6.05,6.1,6.05,6.1,-1
2021-09-21 10:50:00,6.1,6.1,6.0,6.025,-1
2021-09-21 10:51:00,6.025,6.05,5.975,6.0,-1
2021-09-21 10:52:00,6.0,6.0,5.925,5.975,-1
2021-09-21 10:53:00,5.975,5.975,5.95,5.95,-1
2021-09-21 10:54:00,5.95,6.0,5.9,6.0,-1
2021-09-21 10:55:00,6.0,6.025,5.95,5.95,-1
2021-09-21 10:56:00,5.95,6.0,5.9,5.95,-1
2021-09-21 10:57:00,5.95,6.0,5.9,5.95,-1
2021-09-21 10:58:00,5.95,6.075,5.925,6.05,-1
2021-09-21 10:59:00,6.05,6.05,6.0,6.0,-1
2021-09-21 11:00:00,6.0,6.0,5.85,5.85,-1
2021-09-21 11:01:00,5.85,5.95,5.85,5.9,-1
2021-09-21 11:02:00,5.9,5.95,5.9,5.95,-1
2021-09-21 11:03:00,5.95,5.95,5.9,5.9,-1
2021-09-21 11:04:00,5.9,6.05,5.9,6.05,-1
2021-09-21 11:05:00,6.05,6.15,6.025,6.15,-1
2021-09-21 11:06:00,6.15,6.25,6.1,6.2,-1
2021-09-21 11:07:00,6.2,6.25,6.2,6.2,-1
2021-09-21 11:08:00,6.2,6.3,6.2,6.3,-1
2021-09-21 11:09:00,6.3,6.35,6.3,6.3,-1
2021-09-21 11:10:00,6.3,6.35,6.25,6.25,-1
2021-09-21 11:11:00,6.25,6.3,6.25,6.3,-1
2021-09-21 11:12:00,6.3,6.35,6.25,6.35,-1
2021-09-21 11:13:00,6.35,6.45,6.35,6.45,-1
2021-09-21 11:14:00,6.45,6.5,6.45,6.5,-1
2021-09-21 11:15:00,6.5,6.55,6.5,6.5,-1
2021-09-21 11:16:00,6.5,6.5,6.45,6.45,-1
2021-09-21 11:17:00,6.45,6.45,6.45,6.45,-1
2021-09-21 11:18:00,6.45,6.45,6.4,6.4,-1
2021-09-21 11:19:00,6.4,6.4,6.35,6.4,-1
2021-09-21 11:20:00,6.4,6.45,6.35,6.35,-1
2021-09-21 11:21:00,6.35,6.4,6.3,6.3,-1
2021-09-21 11:22:00,6.3,6.4,6.3,6.4,-1
2021-09-21 11:23:00,6.4,6.4,6.35,6.35,-1
2021-09-21 11:24:00,6.35,6.35,6.3,6.3,-1
2021-09-21 11:25:00,6.3,6.35,6.25,6.3,-1
2021-09-21 11:26:00,6.3,6.35,6.25,6.35,-1
2021-09-21 11:27:00,6.35,6.35,6.3,6.325,-1
2021-09-21 11:28:00,6.325,6.375,6.3,6.3,-1
2021-09-21 11:29:00,6.3,6.35,6.25,6.3,-1
2021-09-21 11:30:00,6.3,6.4,6.3,6.4,-1
2021-09-21 11:31:00,6.4,6.45,6.325,6.35,-1
2021-09-21 11:32:00,6.35,6.55,6.35,6.55,-1
2021-09-21 11:33:00,6.55,6.7,6.55,6.7,-1
2021-09-21 11:34:00,6.7,6.7,6.6,6.65,-1
2021-09-21 11:35:00,6.65,6.7,6.65,6.65,-1
2021-09-21 11:36:00,6.65,6.725,6.65,6.65,-1
2021-09-21 11:37:00,6.65,6.65,6.6,6.6,-1
2021-09-21 11:38:00,6.6,6.65,6.6,6.65,-1
2021-09-21 11:39:00,6.65,6.65,6.6,6.6,-1
2021-09-21 11:40:00,6.6,6.65,6.6,6.6,-1
2021-09-21 11:41:00,6.6,6.6,6.5,6.55,-1
2021-09-21 11:42:00,6.55,6.6,6.55,6.6,-1
2021-09-21 11:43:00,6.6,6.6,6.55,6.6,-1
2021-09-21 11:44:00,6.6,6.75,6.6,6.675,-1
2021-09-21 11:45:00,6.675,6.75,6.65,6.75,-1
2021-09-21 11:46:00,6.75,6.75,6.7,6.7,-1
2021-09-21 11:47:00,6.7,6.75,6.7,6.7,-1
2021-09-21 11:48:00,6.7,6.75,6.65,6.7,-1
2021-09-21 11:49:00,6.7,6.7,6.65,6.65,-1
2021-09-21 11:50:00,6.65,6.7,6.65,6.7,-1
2021-09-21 11:51:00,6.7,6.7,6.65,6.65,-1
2021-09-21 11:52:00,6.65,6.65,6.6,6.6,-1
2021-09-21 11:53:00,6.6,6.6,6.575,6.6,-1
2021-09-21 11:54:00,6.6,6.6,6.55,6.6,-1
2021-09-21 11:55:00,6.6,6.65,6.55,6.55,-1
2021-09-21 11:56:00,6.55,6.6,6.525,6.6,-1
2021-09-21 11:57:00,6.6,6.6,6.55,6.6,-1
2021-09-21 11:58:00,6.6,6.6,6.55,6.55,-1
2021-09-21 11:59:00,6.55,6.55,6.55,6.55,-1
2021-09-21 12:00:00,6.55,6.65,6.55,6.65,-1
2021-09-21 12:01:00,6.65,6.725,6.65,6.7,-1
2021-09-21 12:02:00,6.7,6.7,6.65,6.7,-1
2021-09-21 12:03:00,6.7,6.75,6.65,6.7,-1
2021-09-21 12:04:00,6.7,6.7,6.65,6.65,-1
2021-09-21 12:05:00,6.65,6.65,6.525,6.55,-1
2021-09-21 12:06:00,6.55,6.6,6.55,6.6,-1
2021-09-21 12:07:00,6.6,6.65,6.6,6.6,-1
2021-09-21 12:08:00,6.6,6.725,6.6,6.7,-1
2021-09-21 12:09:00,6.7,6.725,6.65,6.675,-1
2021-09-21 12:10:00,6.675,6.7,6.65,6.65,-1
2021-09-21 12:11:00,6.65,6.7,6.65,6.675,-1
2021-09-21 12:12:00,6.675,6.7,6.625,6.7,-1
2021-09-21 12:13:00,6.7,6.775,6.7,6.775,-1
2021-09-21 12:14:00,6.775,6.85,6.75,6.8,-1
2021-09-21 12:15:00,6.8,6.85,6.75,6.75,-1
2021-09-21 12:16:00,6.75,6.8,6.75,6.75,-1
2021-09-21 12:17:00,6.75,6.775,6.75,6.75,-1
2021-09-21 12:18:00,6.75,6.8,6.7,6.7,-1
2021-09-21 12:19:00,6.7,6.7,6.65,6.7,-1
2021-09-21 12:20:00,6.7,6.7,6.65,6.7,-1
2021-09-21 12:21:00,6.7,6.75,6.65,6.7,-1
2021-09-21 12:22:00,6.7,6.8,6.7,6.75,-1
2021-09-21 12:23:00,6.75,6.8,6.75,6.75,-1
2021-09-21 12:24:00,6.75,6.75,6.7,6.75,-1
2021-09-21 12:25:00,6.75,6.8,6.75,6.8,-1
2021-09-21 12:26:00,6.8,6.8,6.75,6.75,-1
2021-09-21 12:27:00,6.75,6.75,6.7,6.7,-1
2021-09-21 12:28:00,6.7,6.7,6.65,6.65,-1
2021-09-21 12:29:00,6.65,6.65,6.6,6.6,-1
2021-09-21 12:30:00,6.6,6.65,6.55,6.6,-1
2021-09-21 12:31:00,6.6,6.6,6.55,6.55,-1
2021-09-21 12:32:00,6.55,6.6,6.55,6.6,-1
2021-09-21 12:33:00,6.6,6.6,6.55,6.6,-1
2021-09-21 12:34:00,6.6,6.65,6.6,6.65,-1
2021-09-21 12:35:00,6.65,6.65,6.65,6.65,-1
2021-09-21 12:36:00,6.65,6.7,6.6,6.7,-1
2021-09-21 12:37:00,6.7,6.75,6.7,6.7,-1
2021-09-21 12:38:00,6.7,6.7,6.65,6.7,-1
2021-09-21 12:39:00,6.7,6.7,6.7,6.7,-1
2021-09-21 12:40:00,6.7,6.7,6.65,6.65,-1
2021-09-21 12:41:00,6.65,6.65,6.65,6.65,-1
2021-09-21 12:42:00,6.65,6.7,6.65,6.7,-1
2021-09-21 12:43:00,6.7,6.7,6.675,6.7,-1
2021-09-21 12:44:00,6.7,6.7,6.65,6.7,-1
2021-09-21 12:45:00,6.7,6.75,6.65,6.75,-1
2021-09-21 12:46:00,6.75,6.75,6.65,6.65,-1
2021-09-21 12:47:00,6.65,6.7,6.65,6.65,-1
2021-09-21 12:48:00,6.65,6.65,6.6,6.65,-1
2021-09-21 12:49:00,6.65,6.7,6.625,6.65,-1
2021-09-21 12:50:00,6.65,6.675,6.6,6.6,-1
2021-09-21 12:51:00,6.6,6.65,6.55,6.55,-1
2021-09-21 12:52:00,6.55,6.55,6.4,6.4,-1
2021-09-21 12:53:00,6.4,6.45,6.4,6.45,-1
2021-09-21 12:54:00,6.45,6.45,6.4,6.45,-1
2021-09-21 12:55:00,6.45,6.5,6.45,6.5,-1
2021-09-21 12:56:00,6.5,6.55,6.5,6.5,-1
2021-09-21 12:57:00,6.5,6.6,6.5,6.55,-1
2021-09-21 12:58:00,6.55,6.6,6.55,6.55,-1
2021-09-21 12:59:00,6.55,6.55,6.5,6.5,-1
2021-09-21 13:00:00,6.5,6.5,6.45,6.5,-1
2021-09-21 13:01:00,6.5,6.55,6.475,6.55,-1
2021-09-21 13:02:00,6.55,6.55,6.425,6.45,-1
2021-09-21 13:03:00,6.45,6.45,6.4,6.4,-1
2021-09-21 13:04:00,6.4,6.45,6.4,6.45,-1
2021-09-21 13:05:00,6.45,6.55,6.45,6.5,-1
2021-09-21 13:06:00,6.5,6.55,6.45,6.5,-1
2021-09-21 13:07:00,6.5,6.55,6.45,6.55,-1
2021-09-21 13:08:00,6.55,6.55,6.5,6.5,-1
2021-09-21 13:09:00,6.5,6.5,6.45,6.45,-1
2021-09-21 13:10:00,6.45,6.5,6.425,6.425,-1
2021-09-21 13:11:00,6.425,6.5,6.425,6.5,-1
2021-09-21 13:12:00,6.5,6.55,6.5,6.5,-1
2021-09-21 13:13:00,6.5,6.5,6.45,6.45,-1
2021-09-21 13:14:00,6.45,6.5,6.45,6.45,-1
2021-09-21 13:15:00,6.45,6.45,6.375,6.4,-1
2021-09-21 13:16:00,6.4,6.5,6.4,6.45,-1
2021-09-21 13:17:00,6.45,6.45,6.4,6.45,-1
2021-09-21 13:18:00,6.45,6.45,6.4,6.4,-1
2021-09-21 13:19:00,6.4,6.45,6.4,6.45,-1
2021-09-21 13:20:00,6.45,6.5,6.4,6.425,-1
2021-09-21 13:21:00,6.425,6.45,6.35,6.4,-1
2021-09-21 13:22:00,6.4,6.45,6.4,6.45,-1
2021-09-21 13:23:00,6.45,6.45,6.3,6.3,-1
2021-09-21 13:24:00,6.3,6.35,6.275,6.3,-1
2021-09-21 13:25:00,6.3,6.3,6.25,6.25,-1
2021-09-21 13:26:00,6.25,6.3,6.25,6.3,-1
2021-09-21 13:27:00,6.3,6.35,6.3,6.35,-1
2021-09-21 13:28:00,6.35,6.35,6.3,6.3,-1
2021-09-21 13:29:00,6.3,6.3,6.2,6.25,-1
2021-09-21 13:30:00,6.25,6.3,6.2,6.2,-1
2021-09-21 13:31:00,6.2,6.25,6.175,6.2,-1
2021-09-21 13:32:00,6.2,6.2,6.15,6.15,-1
2021-09-21 13:33:00,6.15,6.2,6.125,6.15,-1
2021-09-21 13:34:00,6.15,6.2,6.15,6.2,-1
2021-09-21 13:35:00,6.2,6.2,6.175,6.2,-1
2021-09-21 13:36:00,6.2,6.2,6.15,6.15,-1
2021-09-21 13:37:00,6.15,6.15,6.15,6.15,-1
2021-09-21 13:38:00,6.15,6.2,6.1,6.2,-1
2021-09-21 13:39:00,6.2,6.25,6.2,6.25,-1
2021-09-21 13:40:00,6.25,6.25,6.2,6.25,-1
2021-09-21 13:41:00,6.25,6.25,6.2,6.2,-1
2021-09-21 13:42:00,6.2,6.2,6.15,6.15,-1
2021-09-21 13:43:00,6.15,6.2,6.15,6.15,-1
2021-09-21 13:44:00,6.15,6.2,6.15,6.15,-1
2021-09-21 13:45:00,6.15,6.2,6.15,6.15,-1
2021-09-21 13:46:00,6.15,6.2,6.15,6.2,-1
2021-09-21 13:47:00,6.2,6.225,6.2,6.2,-1
2021-09-21 13:48:00,6.2,6.25,6.175,6.2,-1
2021-09-21 13:49:00,6.2,6.3,6.2,6.25,-1
2021-09-21 13:50:00,6.25,6.3,6.25,6.3,-1
2021-09-21 13:51:00,6.3,6.4,6.3,6.4,-1
2021-09-21 13:52:00,6.4,6.4,6.35,6.35,-1
2021-09-21 13:53:00,6.35,6.35,6.2,6.2,-1
2021-09-21 13:54:00,6.2,6.25,6.1,6.15,-1
2021-09-21 13:55:00,6.15,6.2,6.125,6.15,-1
2021-09-21 13:56:00,6.15,6.15,6.1,6.15,-1
2021-09-21 13:57:00,6.15,6.15,6.1,6.125,-1
2021-09-21 13:58:00,6.125,6.2,6.125,6.2,-1
2021-09-21 13:59:00,6.2,6.25,6.15,6.2,-1
2021-09-21 14:00:00,6.2,6.375,6.2,6.35,-1
2021-09-21 14:01:00,6.35,6.35,6.3,6.3,-1
2021-09-21 14:02:00,6.3,6.3,6.25,6.3,-1
2021-09-21 14:03:00,6.3,6.3,6.25,6.3,-1
2021-09-21 14:04:00,6.3,6.35,6.3,6.3,-1
2021-09-21 14:05:00,6.3,6.35,6.3,6.35,-1
2021-09-21 14:06:00,6.35,6.35,6.3,6.35,-1
2021-09-21 14:07:00,6.35,6.35,6.3,6.35,-1
2021-09-21 14:08:00,6.35,6.35,6.3,6.3,-1
2021-09-21 14:09:00,6.3,6.3,6.275,6.3,-1
2021-09-21 14:10:00,6.3,6.3,6.25,6.25,-1
2021-09-21 14:11:00,6.25,6.275,6.225,6.275,-1
2021-09-21 14:12:00,6.275,6.3,6.25,6.25,-1
2021-09-21 14:13:00,6.25,6.25,6.2,6.2,-1
2021-09-21 14:14:00,6.2,6.25,6.2,6.2,-1
2021-09-21 14:15:00,6.2,6.25,6.2,6.25,-1
2021-09-21 14:16:00,6.25,6.25,6.15,6.2,-1
2021-09-21 14:17:00,6.2,6.2,6.15,6.15,-1
2021-09-21 14:18:00,6.15,6.2,6.15,6.15,-1
2021-09-21 14:19:00,6.15,6.2,6.15,6.15,-1
2021-09-21 14:20:00,6.15,6.15,6.1,6.15,-1
2021-09-21 14:21:00,6.15,6.15,6.1,6.1,-1
2021-09-21 14:22:00,6.1,6.2,6.1,6.2,-1
2021-09-21 14:23:00,6.2,6.2,6.1,6.1,-1
2021-09-21 14:24:00,6.1,6.15,6.1,6.1,-1
2021-09-21 14:25:00,6.1,6.15,6.075,6.1,-1
2021-09-21 14:26:00,6.1,6.1,6.025,6.05,-1
2021-09-21 14:27:00,6.05,6.1,6.05,6.05,-1
2021-09-21 14:28:00,6.05,6.125,6.05,6.1,-1
2021-09-21 14:29:00,6.1,6.1,6.05,6.05,-1
2021-09-21 14:30:00,6.05,6.15,6.05,6.15,-1
2021-09-21 14:31:00,6.15,6.25,6.15,6.25,-1
2021-09-21 14:32:00,6.25,6.25,6.2,6.2,-1
2021-09-21 14:33:00,6.2,6.25,6.2,6.25,-1
2021-09-21 14:34:00,6.25,6.25,6.2,6.2,-1
2021-09-21 14:35:00,6.2,6.2,6.15,6.2,-1
2021-09-21 14:36:00,6.2,6.2,6.125,6.2,-1
2021-09-21 14:37:00,6.2,6.2,6.175,6.2,-1
2021-09-21 14:38:00,6.2,6.25,6.15,6.25,-1
2021-09-21 14:39:00,6.25,6.25,6.25,6.25,-1
2021-09-21 14:40:00,6.25,6.3,6.25,6.3,-1
2021-09-21 14:41:00,6.3,6.3,6.25,6.3,-1
2021-09-21 14:42:00,6.3,6.3,6.25,6.3,-1
2021-09-21 14:43:00,6.3,6.3,6.3,6.3,-1
2021-09-21 14:44:00,6.3,6.3,6.25,6.3,-1
2021-09-21 14:45:00,6.3,6.3,6.225,6.25,-1
2021-09-21 14:46:00,6.25,6.35,6.25,6.35,-1
2021-09-21 14:47:00,6.35,6.35,6.3,6.3,-1
2021-09-21 14:48:00,6.3,6.35,6.3,6.3,-1
2021-09-21 14:49:00,6.3,6.35,6.3,6.35,-1
2021-09-21 14:50:00,6.35,6.65,6.35,6.625,-1
2021-09-21 14:51:00,6.625,6.65,6.575,6.65,-1
2021-09-21 14:52:00,6.65,6.65,6.6,6.6,-1
2021-09-21 14:53:00,6.6,6.65,6.6,6.6,-1
2021-09-21 14:54:00,6.6,6.6,6.55,6.55,-1
2021-09-21 14:55:00,6.55,6.6,6.5,6.5,-1
2021-09-21 14:56:00,6.5,6.5,6.45,6.45,-1
2021-09-21 14:57:00,6.45,6.525,6.45,6.5,-1
2021-09-21 14:58:00,6.5,6.5,6.425,6.45,-1
2021-09-21 14:59:00,6.45,6.5,6.45,6.5,-1
2021-09-21 15:00:00,6.5,6.65,6.475,6.65,-1
2021-09-21 15:01:00,6.65,6.65,6.6,6.625,-1
2021-09-21 15:02:00,6.625,6.65,6.6,6.6,-1
2021-09-21 15:03:00,6.6,6.6,6.5,6.55,-1
2021-09-21 15:04:00,6.55,6.6,6.55,6.55,-1
2021-09-21 15:05:00,6.55,6.6,6.525,6.6,-1
2021-09-21 15:06:00,6.6,6.6,6.55,6.55,-1
2021-09-21 15:07:00,6.55,6.6,6.525,6.55,-1
2021-09-21 15:08:00,6.55,6.6,6.525,6.55,-1
2021-09-21 15:09:00,6.55,6.55,6.5,6.5,-1
2021-09-21 15:10:00,6.5,6.55,6.5,6.55,-1
2021-09-21 15:11:00,6.55,6.55,6.5,6.5,-1
2021-09-21 15:12:00,6.5,6.55,6.5,6.5,-1
2021-09-21 15:13:00,6.5,6.575,6.5,6.55,-1
2021-09-21 15:14:00,6.55,6.65,6.55,6.65,-1
2021-09-21 15:15:00,6.65,6.75,6.6,6.75,-1
2021-09-21 15:16:00,6.75,6.75,6.65,6.65,-1
2021-09-21 15:17:00,6.65,6.65,6.6,6.65,-1
2021-09-21 15:18:00,6.65,6.65,6.6,6.6,-1
2021-09-21 15:19:00,6.6,6.6,6.5,6.5,-1
2021-09-21 15:20:00,6.5,6.55,6.5,6.55,-1
2021-09-21 15:21:00,6.55,6.6,6.55,6.6,-1
2021-09-21 15:22:00,6.6,6.625,6.6,6.6,-1
2021-09-21 15:23:00,6.6,6.6,6.55,6.55,-1
2021-09-21 15:24:00,6.55,6.6,6.55,6.55,-1
2021-09-21 15:25:00,6.55,6.6,6.55,6.6,-1
2021-09-21 15:26:00,6.6,6.65,6.6,6.65,-1
2021-09-21 15:27:00,6.65,6.7,6.6,6.65,-1
2021-09-21 15:28:00,6.65,6.7,6.65,6.65,-1
2021-09-21 15:29:00,6.65,6.675,6.6,6.65,-1
2021-09-21 15:30:00,6.65,6.7,6.6,6.65,-1
2021-09-21 15:31:00,6.65,6.675,6.625,6.675,-1
2021-09-21 15:32:00,6.675,6.7,6.65,6.7,-1
2021-09-21 15:33:00,6.7,6.75,6.7,6.725,-1
2021-09-21 15:34:00,6.725,6.75,6.65,6.7,-1
2021-09-21 15:35:00,6.7,6.7,6.6,6.625,-1
2021-09-21 15:36:00,6.625,6.7,6.6,6.7,-1
2021-09-21 15:37:00,6.7,6.7,6.65,6.65,-1
2021-09-21 15:38:00,6.65,6.7,6.6,6.6,-1
2021-09-21 15:39:00,6.6,6.6,6.55,6.55,-1
2021-09-21 15:40:00,6.55,6.55,6.5,6.55,-1
2021-09-21 15:41:00,6.55,6.6,6.55,6.6,-1
2021-09-21 15:42:00,6.6,6.65,6.55,6.65,-1
2021-09-21 15:43:00,6.65,6.65,6.55,6.55,-1
2021-09-21 15:44:00,6.55,6.6,6.55,6.55,-1
2021-09-21 15:45:00,6.55,6.55,6.5,6.5,-1
2021-09-21 15:46:00,6.5,6.5,6.35,6.4,-1
2021-09-21 15:47:00,6.4,6.4,6.35,6.4,-1
2021-09-21 15:48:00,6.4,6.4,6.35,6.4,-1
2021-09-21 15:49:00,6.4,6.4,6.3,6.35,-1
2021-09-21 15:50:00,6.35,6.5,5.475,6.45,-1
2021-09-21 15:51:00,6.45,6.55,6.45,6.45,-1
2021-09-21 15:52:00,6.45,6.5,6.4,6.5,-1
2021-09-21 15:53:00,6.5,6.55,6.45,6.55,-1
2021-09-21 15:54:00,6.55,7.1,6.3,6.375,-1
2021-09-21 15:55:00,6.375,6.575,6.3,6.4,-1
2021-09-21 15:56:00,6.4,6.4,6.35,6.35,-1
2021-09-21 15:57:00,6.35,6.4,6.325,6.4,-1
2021-09-21 15:58:00,6.4,6.4,6.35,6.35,-1
2021-09-21 15:59:00,6.35,6.375,6.175,6.175,-1
